dataset,models,best_auc,mean_auc
fertility,4,0.6591,0.517
haberman,4,0.6783,0.6549
heart_va,4,0.719,0.6671
wpbc,4,0.7346,0.6782
ilpd,4,0.7647,0.7453
messidor,4,0.793,0.7561
echocardiogram,4,0.8333,0.824
spectf,4,0.8495,0.8232
heart_switzerland,4,0.8678,0.7565
arrhythmia,4,0.8724,0.8083
mammographic,4,0.9019,0.8909
statlog_heart,4,0.9058,0.9001
lymphography,4,0.9107,0.8745
heart_hungarian,4,0.9184,0.9111
hepatitis,4,0.9315,0.9089
cervical,4,0.948,0.9317
hcv,4,0.9672,0.957
wisconsin_original,4,0.9955,0.9944
diabetes_early_risk,4,0.9975,0.9863
ann_thyroid,4,0.9994,0.9755
new_thyroid,4,0.9995,0.9829
dermatology,4,1.0,1.0
