dataset,model,seed_run,accuracy,roc_auc,balanced_accuracy,f1
ann_thyroid,mlp,0,0.9883333333333333,0.9859436311838168,0.9731101395782193,0.924187725631769
ann_thyroid,mlp,1,0.985,0.9969540054827901,0.9575845263478526,0.9018181818181819
ann_thyroid,mlp,2,0.9827777777777778,0.9742971815591909,0.9563840461557758,0.8888888888888888
ann_thyroid,gcn,3,0.9277777777777778,0.9068776764437118,0.8477540269839279,0.608433734939759
ann_thyroid,gcn,4,0.9222222222222223,0.9319421798570173,0.8447528265037358,0.5906432748538012
ann_thyroid,gcn,5,0.9361111111111111,0.9553157083729014,0.8934305065309707,0.6627565982404692
ann_thyroid,logreg,6,0.9727777777777777,0.984926806543513,0.9681380014692444,0.8403908794788274
ann_thyroid,logreg,7,0.9722222222222222,0.984236978373439,0.974700327892351,0.8397435897435898
ann_thyroid,logreg,8,0.9744444444444444,0.9869828528426297,0.9759008080844278,0.8506493506493507
ann_thyroid,random_forest,9,0.9983333333333333,0.9997267563741915,0.9956684166203795,0.9888475836431226
ann_thyroid,random_forest,10,0.9955555555555555,0.9993773628854528,0.9873053699091577,0.9703703703703703
ann_thyroid,random_forest,11,0.9966666666666667,0.9991309956818548,0.9913368332407589,0.9777777777777777
arrhythmia,mlp,12,0.7522123893805309,0.7953972257250946,0.7492118537200505,0.7254901960784313
arrhythmia,mlp,13,0.7345132743362832,0.7909836065573772,0.7285624211853721,0.6938775510204082
arrhythmia,mlp,14,0.7787610619469026,0.8720050441361917,0.7780580075662042,0.7619047619047619
arrhythmia,gcn,15,0.7079646017699115,0.7909836065573771,0.7011349306431274,0.6597938144329897
arrhythmia,gcn,16,0.672566371681416,0.7320302648171501,0.6612547288776798,0.5934065934065934
arrhythmia,gcn,17,0.7610619469026548,0.7872005044136191,0.7602459016393442,0.7428571428571429
arrhythmia,logreg,18,0.7522123893805309,0.7559899117276166,0.7534678436317781,0.7407407407407407
arrhythmia,logreg,19,0.6902654867256637,0.7663934426229507,0.6847414880201765,0.6464646464646465
arrhythmia,logreg,20,0.6902654867256637,0.7916141235813368,0.687578814627995,0.6601941747572816
arrhythmia,random_forest,21,0.8230088495575221,0.8726355611601513,0.8232976040353089,0.8113207547169812
arrhythmia,random_forest,22,0.7964601769911505,0.8470996216897856,0.7930327868852459,0.7722772277227723
arrhythmia,random_forest,23,0.8407079646017699,0.8973833543505675,0.8382723833543506,0.8235294117647058
cervical,mlp,24,0.9488372093023256,0.9424307036247336,0.906183368869936,0.6857142857142857
cervical,mlp,25,0.9627906976744186,0.9633972992181947,0.9468727789623312,0.7647058823529411
cervical,mlp,26,0.9488372093023256,0.9026297085998579,0.839729921819474,0.6451612903225806
cervical,gcn,27,0.9395348837209302,0.9012082444918266,0.8347547974413646,0.6060606060606061
cervical,gcn,28,0.9534883720930233,0.968727789623312,0.9086709310589907,0.7058823529411765
cervical,gcn,29,0.9162790697674419,0.8695806680881308,0.822316986496091,0.5263157894736842
cervical,logreg,30,0.9395348837209302,0.9619758351101635,0.9012082444918266,0.6486486486486487
cervical,logreg,31,0.958139534883721,0.9474058280028429,0.9111584932480454,0.7272727272727273
cervical,logreg,32,0.9348837209302325,0.878820184790334,0.83226723525231,0.5882352941176471
cervical,random_forest,33,0.9441860465116279,0.9662402274342573,0.7043354655294953,0.5
cervical,random_forest,34,0.9488372093023256,0.9690831556503199,0.6735963041933192,0.47619047619047616
cervical,random_forest,35,0.9441860465116279,0.9086709310589909,0.7043354655294953,0.5
dermatology,mlp,36,1.0,1.0,1.0,1.0
dermatology,mlp,37,1.0,1.0,1.0,1.0
dermatology,mlp,38,1.0,1.0,1.0,1.0
dermatology,gcn,39,1.0,1.0,1.0,1.0
dermatology,gcn,40,1.0,1.0,1.0,1.0
dermatology,gcn,41,1.0,1.0,1.0,1.0
dermatology,logreg,42,1.0,1.0,1.0,1.0
dermatology,logreg,43,1.0,1.0,1.0,1.0
dermatology,logreg,44,1.0,1.0,1.0,1.0
dermatology,random_forest,45,1.0,1.0,1.0,1.0
dermatology,random_forest,46,1.0,1.0,1.0,1.0
dermatology,random_forest,47,1.0,1.0,1.0,1.0
diabetes_early_risk,mlp,48,0.9461538461538461,0.9912500000000001,0.945,0.9559748427672956
diabetes_early_risk,mlp,49,0.9230769230769231,0.99075,0.9299999999999999,0.935064935064935
diabetes_early_risk,mlp,50,0.9769230769230769,0.996,0.98125,0.9808917197452229
diabetes_early_risk,gcn,51,0.9153846153846154,0.9857499999999999,0.9275,0.9271523178807947
diabetes_early_risk,gcn,52,0.9307692307692308,0.99275,0.92875,0.9433962264150944
diabetes_early_risk,gcn,53,0.9230769230769231,0.986,0.93375,0.9342105263157895
diabetes_early_risk,logreg,54,0.8461538461538461,0.9525,0.84875,0.8701298701298701
diabetes_early_risk,logreg,55,0.9230769230769231,0.9755000000000001,0.9225000000000001,0.9367088607594937
diabetes_early_risk,logreg,56,0.9076923076923077,0.9722500000000001,0.92125,0.92
diabetes_early_risk,random_forest,57,0.9615384615384616,0.995875,0.9612499999999999,0.9685534591194969
diabetes_early_risk,random_forest,58,0.9692307692307692,0.99775,0.97125,0.9746835443037974
diabetes_early_risk,random_forest,59,0.9692307692307692,0.99875,0.97125,0.9746835443037974
echocardiogram,mlp,60,0.7575757575757576,0.7727272727272727,0.7272727272727273,0.6363636363636364
echocardiogram,mlp,61,0.8181818181818182,0.8801652892561983,0.7727272727272727,0.7
echocardiogram,mlp,62,0.7272727272727273,0.8223140495867769,0.6590909090909091,0.5263157894736842
echocardiogram,gcn,63,0.7878787878787878,0.8966942148760331,0.7954545454545454,0.72
echocardiogram,gcn,64,0.7272727272727273,0.768595041322314,0.7045454545454546,0.6086956521739131
echocardiogram,gcn,65,0.696969696969697,0.7727272727272728,0.6590909090909091,0.5454545454545454
echocardiogram,logreg,66,0.7272727272727273,0.8512396694214875,0.7272727272727273,0.64
echocardiogram,logreg,67,0.696969696969697,0.8264462809917356,0.6590909090909091,0.5454545454545454
echocardiogram,logreg,68,0.696969696969697,0.8223140495867769,0.6363636363636364,0.5
echocardiogram,random_forest,69,0.8484848484848485,0.8760330578512397,0.8181818181818181,0.7619047619047619
echocardiogram,random_forest,70,0.7878787878787878,0.7933884297520662,0.7272727272727273,0.631578947368421
echocardiogram,random_forest,71,0.7575757575757576,0.8057851239669422,0.6590909090909092,0.5
fertility,mlp,72,0.8,0.5984848484848484,0.5984848484848485,0.2857142857142857
fertility,mlp,73,0.88,0.7272727272727273,0.5,0.0
fertility,mlp,74,0.64,0.6515151515151515,0.5075757575757576,0.18181818181818182
fertility,gcn,75,0.68,0.31060606060606055,0.5303030303030303,0.2
fertility,gcn,76,0.68,0.45454545454545453,0.5303030303030303,0.2
fertility,gcn,77,0.76,0.6212121212121211,0.5757575757575758,0.25
fertility,logreg,78,0.6,0.38636363636363635,0.48484848484848486,0.16666666666666666
fertility,logreg,79,0.68,0.3939393939393939,0.5303030303030303,0.2
fertility,logreg,80,0.6,0.6212121212121212,0.6287878787878788,0.2857142857142857
fertility,random_forest,81,0.84,0.4393939393939394,0.4772727272727273,0.0
fertility,random_forest,82,0.84,0.6363636363636364,0.4772727272727273,0.0
fertility,random_forest,83,0.84,0.3636363636363636,0.4772727272727273,0.0
haberman,mlp,84,0.5921052631578947,0.6178571428571429,0.5785714285714285,0.41509433962264153
haberman,mlp,85,0.6578947368421053,0.6544642857142857,0.6392857142857142,0.48
haberman,mlp,86,0.7763157894736842,0.7151785714285716,0.6875,0.5405405405405406
haberman,gcn,87,0.631578947368421,0.6205357142857143,0.5732142857142857,0.391304347826087
haberman,gcn,88,0.6578947368421053,0.6258928571428571,0.6232142857142857,0.4583333333333333
haberman,gcn,89,0.7368421052631579,0.6544642857142857,0.6607142857142857,0.5
haberman,logreg,90,0.6842105263157895,0.5633928571428571,0.5767857142857142,0.3684210526315789
haberman,logreg,91,0.7105263157894737,0.6375,0.6428571428571428,0.47619047619047616
haberman,logreg,92,0.8026315789473685,0.7348214285714286,0.7053571428571428,0.5714285714285714
haberman,random_forest,93,0.6710526315789473,0.6825892857142857,0.5517857142857143,0.32432432432432434
haberman,random_forest,94,0.6973684210526315,0.6816964285714285,0.5857142857142856,0.3783783783783784
haberman,random_forest,95,0.7105263157894737,0.6705357142857143,0.5464285714285715,0.26666666666666666
hcv,mlp,96,0.9607843137254902,0.9819548872180451,0.9349624060150377,0.8571428571428571
hcv,mlp,97,0.954248366013072,0.9627819548872181,0.8462406015037593,0.8
hcv,mlp,98,0.9411764705882353,0.9567669172932329,0.8599624060150376,0.7692307692307693
hcv,gcn,99,0.9411764705882353,0.98796992481203,0.9449248120300752,0.8085106382978723
hcv,gcn,100,0.9281045751633987,0.9184210526315789,0.8312030075187969,0.717948717948718
hcv,gcn,101,0.934640522875817,0.9541353383458646,0.856203007518797,0.75
hcv,logreg,102,0.9215686274509803,0.9823308270676692,0.912406015037594,0.75
hcv,logreg,103,0.9281045751633987,0.9026315789473685,0.8736842105263158,0.7441860465116279
hcv,logreg,104,0.9477124183006536,0.9364661654135339,0.8849624060150376,0.8
hcv,random_forest,105,0.9673202614379085,0.9962406015037594,0.8962406015037594,0.8648648648648649
hcv,random_forest,106,0.954248366013072,0.9548872180451128,0.825,0.7878787878787878
hcv,random_forest,107,0.9281045751633987,0.949812030075188,0.7674812030075189,0.6666666666666666
heart_hungarian,mlp,108,0.8356164383561644,0.9132569558101473,0.8121931260229132,0.76
heart_hungarian,mlp,109,0.8493150684931506,0.9263502454991817,0.8142389525368249,0.7659574468085106
heart_hungarian,mlp,110,0.8356164383561644,0.9132569558101473,0.8121931260229132,0.76
heart_hungarian,gcn,111,0.8356164383561644,0.9050736497545009,0.7950081833060556,0.7391304347826086
heart_hungarian,gcn,112,0.863013698630137,0.9320785597381342,0.8420621931260229,0.8
heart_hungarian,gcn,113,0.8082191780821918,0.8805237315875614,0.7995090016366613,0.7407407407407407
heart_hungarian,logreg,114,0.821917808219178,0.9108019639934534,0.7843698854337152,0.723404255319149
heart_hungarian,logreg,115,0.9041095890410958,0.9402618657937808,0.8911620294599019,0.8627450980392157
heart_hungarian,logreg,116,0.821917808219178,0.9042553191489362,0.8101472995090017,0.7547169811320755
heart_hungarian,random_forest,117,0.8356164383561644,0.8993453355155483,0.7864157119476269,0.7272727272727273
heart_hungarian,random_forest,118,0.863013698630137,0.9431260229132569,0.8162847790507365,0.7727272727272727
heart_hungarian,random_forest,119,0.7808219178082192,0.8653846153846153,0.7352700490998363,0.6521739130434783
heart_switzerland,mlp,120,0.8064516129032258,0.896551724137931,0.896551724137931,0.8846153846153846
heart_switzerland,mlp,121,0.8709677419354839,0.8103448275862069,0.6982758620689655,0.9285714285714286
heart_switzerland,mlp,122,0.9032258064516129,0.3793103448275862,0.4827586206896552,0.9491525423728814
heart_switzerland,gcn,123,0.7096774193548387,0.9655172413793104,0.8448275862068966,0.8163265306122449
heart_switzerland,gcn,124,0.7741935483870968,0.7931034482758621,0.646551724137931,0.8679245283018868
heart_switzerland,gcn,125,0.8387096774193549,0.5689655172413793,0.4482758620689655,0.9122807017543859
heart_switzerland,logreg,126,0.7419354838709677,0.9655172413793104,0.8620689655172413,0.84
heart_switzerland,logreg,127,0.8064516129032258,0.8793103448275863,0.6637931034482758,0.8888888888888888
heart_switzerland,logreg,128,0.8387096774193549,0.7586206896551724,0.4482758620689655,0.9122807017543859
heart_switzerland,random_forest,129,0.9032258064516129,0.6206896551724137,0.4827586206896552,0.9491525423728814
heart_switzerland,random_forest,130,0.9354838709677419,0.8189655172413793,0.5,0.9666666666666667
heart_switzerland,random_forest,131,0.9354838709677419,0.6206896551724138,0.5,0.9666666666666667
heart_va,mlp,132,0.68,0.7234927234927235,0.659043659043659,0.7647058823529411
heart_va,mlp,133,0.26,0.6382536382536383,0.5,0.0
heart_va,mlp,134,0.64,0.7463617463617463,0.632016632016632,0.7272727272727273
heart_va,gcn,135,0.72,0.6361746361746361,0.6860706860706861,0.8
heart_va,gcn,136,0.6,0.6216216216216217,0.654885654885655,0.6666666666666666
heart_va,gcn,137,0.46,0.3825363825363825,0.4355509355509356,0.5714285714285714
heart_va,logreg,138,0.72,0.7318087318087317,0.735966735966736,0.7878787878787878
heart_va,logreg,139,0.62,0.6340956340956341,0.6434511434511434,0.6984126984126984
heart_va,logreg,140,0.7,0.7338877338877339,0.6975051975051976,0.7761194029850746
heart_va,random_forest,141,0.72,0.7151767151767152,0.5862785862785863,0.8205128205128205
heart_va,random_forest,142,0.74,0.682952182952183,0.5997920997920998,0.8354430379746836
heart_va,random_forest,143,0.72,0.7588357588357588,0.5114345114345115,0.8333333333333334
hepatitis,mlp,144,0.8717948717948718,0.9556451612903225,0.9193548387096775,0.7619047619047619
hepatitis,mlp,145,0.7948717948717948,0.8185483870967741,0.7782258064516129,0.6
hepatitis,mlp,146,0.7692307692307693,0.8588709677419354,0.8084677419354839,0.6086956521739131
hepatitis,gcn,147,0.8717948717948718,0.9637096774193549,0.9193548387096775,0.7619047619047619
hepatitis,gcn,148,0.8717948717948718,0.8669354838709677,0.8266129032258065,0.7058823529411765
hepatitis,gcn,149,0.8205128205128205,0.9637096774193548,0.8407258064516129,0.6666666666666666
hepatitis,logreg,150,0.8461538461538461,0.9274193548387096,0.8568548387096775,0.7
hepatitis,logreg,151,0.8717948717948718,0.846774193548387,0.8266129032258065,0.7058823529411765
hepatitis,logreg,152,0.8205128205128205,0.9193548387096775,0.7943548387096775,0.631578947368421
hepatitis,random_forest,153,0.8717948717948718,0.9717741935483871,0.780241935483871,0.6666666666666666
hepatitis,random_forest,154,0.9230769230769231,0.8467741935483871,0.8125,0.7692307692307693
hepatitis,random_forest,155,0.8974358974358975,0.9677419354838709,0.7963709677419355,0.7142857142857143
ilpd,mlp,156,0.6575342465753424,0.7584706959706959,0.752518315018315,0.6875
ilpd,mlp,157,0.6712328767123288,0.809981684981685,0.7408424908424909,0.7142857142857143
ilpd,mlp,158,0.6095890410958904,0.6929945054945055,0.612408424908425,0.6885245901639344
ilpd,gcn,159,0.7123287671232876,0.717948717948718,0.5070970695970696,0.8306451612903226
ilpd,gcn,160,0.6095890410958904,0.7552655677655677,0.69757326007326,0.6415094339622641
ilpd,gcn,161,0.6164383561643836,0.6616300366300366,0.6101190476190477,0.6989247311827957
ilpd,logreg,162,0.7123287671232876,0.7843406593406593,0.7554945054945055,0.7640449438202247
ilpd,logreg,163,0.6575342465753424,0.7861721611721612,0.7170329670329669,0.7058823529411765
ilpd,logreg,164,0.5547945205479452,0.6829212454212454,0.6023351648351648,0.6107784431137725
ilpd,random_forest,165,0.7054794520547946,0.7683150183150184,0.6016483516483516,0.8036529680365296
ilpd,random_forest,166,0.7397260273972602,0.8120421245421245,0.6185897435897436,0.831858407079646
ilpd,random_forest,167,0.6917808219178082,0.7135989010989012,0.5849358974358975,0.7945205479452054
lymphography,mlp,168,0.918918918918919,0.9375,0.90625,0.896551724137931
lymphography,mlp,169,0.8918918918918919,0.9107142857142857,0.8824404761904762,0.8666666666666667
lymphography,mlp,170,0.7567567567567568,0.8452380952380952,0.7485119047619048,0.7096774193548387
lymphography,gcn,171,0.8378378378378378,0.8779761904761905,0.8273809523809523,0.8
lymphography,gcn,172,0.7567567567567568,0.8541666666666666,0.7559523809523809,0.7272727272727273
lymphography,gcn,173,0.7837837837837838,0.8154761904761905,0.7723214285714286,0.7333333333333333
lymphography,logreg,174,0.8918918918918919,0.9047619047619048,0.8898809523809523,0.875
lymphography,logreg,175,0.7837837837837838,0.8333333333333333,0.7797619047619048,0.75
lymphography,logreg,176,0.7297297297297297,0.7827380952380953,0.7172619047619048,0.6666666666666666
lymphography,random_forest,177,0.8918918918918919,0.9613095238095238,0.875,0.8571428571428571
lymphography,random_forest,178,0.8648648648648649,0.9211309523809524,0.8511904761904762,0.8275862068965517
lymphography,random_forest,179,0.7567567567567568,0.8497023809523809,0.7261904761904762,0.64
mammographic,mlp,180,0.8333333333333334,0.9098749912703401,0.8330190655772052,0.8214285714285714
mammographic,mlp,181,0.8083333333333333,0.8975137928626301,0.8047349675256652,0.7850467289719626
mammographic,mlp,182,0.8166666666666667,0.8981772470144563,0.8137439765346741,0.7962962962962963
mammographic,gcn,183,0.8375,0.9011802500174593,0.8375235700817096,0.8266666666666667
mammographic,gcn,184,0.8166666666666667,0.8801941476360081,0.8150010475591871,0.8
mammographic,gcn,185,0.8166666666666667,0.905475242684545,0.8131154410224177,0.794392523364486
mammographic,logreg,186,0.8291666666666667,0.9045673580557302,0.8304001676094699,0.8209606986899564
mammographic,logreg,187,0.8125,0.8799497171590195,0.8123821495914519,0.8
mammographic,logreg,188,0.8166666666666667,0.9081639779314197,0.8156295830714435,0.8018018018018018
mammographic,random_forest,189,0.8166666666666667,0.8851525944549201,0.8168866540959564,0.8053097345132744
mammographic,random_forest,190,0.7875,0.8707661149521615,0.7853551225644249,0.7671232876712328
mammographic,random_forest,191,0.7333333333333333,0.8500942803268384,0.7311963125916614,0.7090909090909091
messidor,mlp,192,0.6736111111111112,0.7667877027354151,0.6827886710239651,0.6356589147286822
messidor,mlp,193,0.7326388888888888,0.7943355119825708,0.7361655773420479,0.7298245614035088
messidor,mlp,194,0.7326388888888888,0.8178165093197773,0.7392156862745098,0.7158671586715867
messidor,gcn,195,0.6423611111111112,0.6977971435487775,0.6468409586056645,0.6308243727598566
messidor,gcn,196,0.6458333333333334,0.6971677559912853,0.6470588235294117,0.6530612244897959
messidor,gcn,197,0.6458333333333334,0.7275236020334059,0.6509803921568627,0.6304347826086957
messidor,logreg,198,0.6770833333333334,0.7796659404502542,0.6860566448801743,0.640926640926641
messidor,logreg,199,0.7291666666666666,0.8061002178649238,0.7342047930283224,0.7194244604316546
messidor,logreg,200,0.7118055555555556,0.7932703945775842,0.7196078431372549,0.6867924528301886
messidor,random_forest,201,0.6597222222222222,0.7271847010409103,0.661437908496732,0.6643835616438356
messidor,random_forest,202,0.65625,0.7288307915758896,0.6577342047930284,0.6621160409556314
messidor,random_forest,203,0.6666666666666666,0.7373033163882836,0.669281045751634,0.6666666666666666
new_thyroid,mlp,204,1.0,1.0,1.0,1.0
new_thyroid,mlp,205,0.9629629629629629,0.9967105263157895,0.9375,0.9333333333333333
new_thyroid,mlp,206,0.9814814814814815,0.9983552631578948,0.96875,0.967741935483871
new_thyroid,gcn,207,1.0,1.0,1.0,1.0
new_thyroid,gcn,208,0.9629629629629629,0.9967105263157895,0.9375,0.9333333333333333
new_thyroid,gcn,209,0.9629629629629629,0.9950657894736842,0.955592105263158,0.9375
new_thyroid,logreg,210,0.9074074074074074,0.955592105263158,0.8799342105263157,0.8387096774193549
new_thyroid,logreg,211,0.8888888888888888,0.8947368421052632,0.8125,0.7692307692307693
new_thyroid,logreg,212,0.9259259259259259,0.9588815789473684,0.893092105263158,0.8666666666666667
new_thyroid,random_forest,213,1.0,1.0,1.0,1.0
new_thyroid,random_forest,214,0.9814814814814815,1.0,0.96875,0.967741935483871
new_thyroid,random_forest,215,0.9629629629629629,0.9983552631578948,0.9375,0.9333333333333333
spectf,mlp,216,0.6567164179104478,0.6819407008086253,0.6253369272237197,0.7578947368421053
spectf,mlp,217,0.835820895522388,0.931266846361186,0.84366576819407,0.8888888888888888
spectf,mlp,218,0.7761194029850746,0.7749326145552561,0.7008086253369272,0.8543689320388349
spectf,gcn,219,0.6119402985074627,0.7210242587601079,0.5970350404312668,0.717391304347826
spectf,gcn,220,0.7761194029850746,0.894878706199461,0.7796495956873315,0.845360824742268
spectf,gcn,221,0.7761194029850746,0.8086253369272237,0.7008086253369272,0.8543689320388349
spectf,logreg,222,0.7164179104477612,0.8032345013477089,0.715633423180593,0.8
spectf,logreg,223,0.8208955223880597,0.9177897574123989,0.860512129380054,0.875
spectf,logreg,224,0.7611940298507462,0.7964959568733153,0.6913746630727763,0.8431372549019608
spectf,random_forest,225,0.7910447761194029,0.8045822102425877,0.605121293800539,0.875
spectf,random_forest,226,0.835820895522388,0.9137466307277629,0.6597035040431267,0.9026548672566371
spectf,random_forest,227,0.7611940298507462,0.8301886792452831,0.5074123989218329,0.8620689655172413
statlog_heart,mlp,228,0.8235294117647058,0.8982456140350877,0.8175438596491229,0.7931034482758621
statlog_heart,mlp,229,0.8088235294117647,0.9149122807017543,0.8008771929824561,0.7719298245614035
statlog_heart,mlp,230,0.8529411764705882,0.9043859649122807,0.843859649122807,0.8214285714285714
statlog_heart,gcn,231,0.8529411764705882,0.9166666666666667,0.8543859649122807,0.8387096774193549
statlog_heart,gcn,232,0.8235294117647058,0.8929824561403509,0.8175438596491229,0.7931034482758621
statlog_heart,gcn,233,0.8088235294117647,0.887719298245614,0.8043859649122806,0.7796610169491526
statlog_heart,logreg,234,0.8529411764705882,0.8921052631578947,0.8543859649122807,0.8387096774193549
statlog_heart,logreg,235,0.7941176470588235,0.9131578947368422,0.7842105263157895,0.75
statlog_heart,logreg,236,0.8676470588235294,0.9061403508771931,0.8570175438596491,0.8363636363636363
statlog_heart,random_forest,237,0.8529411764705882,0.8995614035087719,0.8473684210526315,0.8275862068965517
statlog_heart,random_forest,238,0.8529411764705882,0.9013157894736843,0.843859649122807,0.8214285714285714
statlog_heart,random_forest,239,0.8382352941176471,0.8741228070175439,0.8307017543859649,0.8070175438596491
wisconsin_original,mlp,240,0.9712643678160919,0.9941520467836258,0.9741228070175438,0.959349593495935
wisconsin_original,mlp,241,0.9655172413793104,0.9947368421052631,0.9657894736842105,0.9508196721311475
wisconsin_original,mlp,242,0.9770114942528736,0.9941520467836257,0.9824561403508771,0.967741935483871
wisconsin_original,gcn,243,0.9827586206896551,0.9960526315789474,0.986842105263158,0.975609756097561
wisconsin_original,gcn,244,0.9712643678160919,0.9969298245614034,0.9741228070175438,0.959349593495935
wisconsin_original,gcn,245,0.9655172413793104,0.9935672514619883,0.9697368421052631,0.9516129032258065
wisconsin_original,logreg,246,0.9655172413793104,0.9948830409356726,0.9618421052631578,0.95
wisconsin_original,logreg,247,0.9712643678160919,0.996345029239766,0.9701754385964912,0.9586776859504132
wisconsin_original,logreg,248,0.9712643678160919,0.994736842105263,0.9741228070175438,0.959349593495935
wisconsin_original,random_forest,249,0.9770114942528736,0.9929093567251461,0.9785087719298246,0.9672131147540983
wisconsin_original,random_forest,250,0.9655172413793104,0.9960526315789473,0.9618421052631578,0.95
wisconsin_original,random_forest,251,0.9597701149425287,0.9877923976608187,0.9653508771929824,0.944
wpbc,mlp,252,0.62,0.6666666666666667,0.6074561403508771,0.42424242424242425
wpbc,mlp,253,0.78,0.8048245614035088,0.7127192982456141,0.56
wpbc,mlp,254,0.74,0.6403508771929824,0.6293859649122807,0.43478260869565216
wpbc,gcn,255,0.78,0.611842105263158,0.5701754385964912,0.26666666666666666
wpbc,gcn,256,0.58,0.6074561403508772,0.5526315789473684,0.36363636363636365
wpbc,gcn,257,0.58,0.5460526315789473,0.4956140350877193,0.27586206896551724
wpbc,logreg,258,0.7,0.7631578947368421,0.6885964912280702,0.5161290322580645
wpbc,logreg,259,0.64,0.7324561403508771,0.5921052631578947,0.4
wpbc,logreg,260,0.6,0.7083333333333334,0.6228070175438596,0.4444444444444444
wpbc,random_forest,261,0.76,0.6535087719298246,0.5570175438596491,0.25
wpbc,random_forest,262,0.8,0.6962719298245614,0.611842105263158,0.375
wpbc,random_forest,263,0.76,0.7072368421052632,0.5285087719298246,0.14285714285714285
