rank_within_disease,disease,sample_id,true_label,p_labeled_oof,noise_score
1,malaria,Uninfected/C137P98ThinF_IMG_20151005_160122_cell_29.png,1,3.9e-05,0.999961
2,malaria,Uninfected/C216ThinF_IMG_20151106_135228_cell_220.png,1,0.000128,0.999872
3,malaria,Uninfected/C99P60ThinF_IMG_20150918_141001_cell_69.png,1,0.00013,0.99987
4,malaria,Uninfected/C5NThinF_IMG_20150609_122227_cell_9.png,1,0.000282,0.999718
5,malaria,Uninfected/C239ThinF_IMG_20151127_113008_cell_154.png,1,0.000289,0.999711
6,malaria,Uninfected/C37BP2_thinF_IMG_20150620_132847a_cell_37.png,1,0.00047,0.99953
7,malaria,Uninfected/C79P40ThinF_IMG_20150817_102702_cell_39.png,1,0.00063,0.99937
8,malaria,Uninfected/C231ThinF_IMG_20151112_153246_cell_134.png,1,0.000747,0.999253
9,malaria,Uninfected/C87P48ThinF_IMG_20150820_141913_cell_165.png,1,0.000914,0.999086
10,malaria,Uninfected/C91P52ThinF_IMG_20150821_124504_cell_60.png,1,0.000923,0.999077
11,malaria,Uninfected/C214ThinF_IMG_20151106_131748_cell_148.png,1,0.001094,0.998906
12,malaria,Uninfected/C103P64ThinF_IMG_20150918_164250_cell_85.png,1,0.001131,0.998869
13,malaria,Uninfected/C39P4thinF_original_IMG_20150622_111206_cell_22.png,1,0.001415,0.998585
14,malaria,Uninfected/C12NThinF_IMG_20150614_125741_cell_101.png,1,0.001566,0.998434
15,malaria,Uninfected/C60P21thinF_IMG_20150803_144003_cell_81.png,1,0.001685,0.998315
16,malaria,Uninfected/C208ThinF_IMG_20151029_155554_cell_149.png,1,0.001707,0.998293
17,malaria,Uninfected/C130P91ThinF_IMG_20151004_142709_cell_101.png,1,0.002082,0.997918
18,malaria,Uninfected/C206ThinF_IMG_20151029_140917_cell_192.png,1,0.003082,0.996918
19,malaria,Uninfected/C6NThinF_IMG_20150609_121955_cell_133.png,1,0.003771,0.996229
20,malaria,Uninfected/C61P22N_ThinF_IMG_20150818_112252_cell_144.png,1,0.004062,0.995938
21,malaria,Uninfected/C38P3thinF_original_IMG_20150621_112227_cell_11.png,1,0.005081,0.994919
22,malaria,Uninfected/C37BP2_thinF_IMG_20150620_133238a_cell_41.png,1,0.0052,0.9948
23,malaria,Uninfected/C38P3thinF_original_IMG_20150621_112116_cell_60.png,1,0.007362,0.992638
24,malaria,Uninfected/C6NThinF_IMG_20150609_122832_cell_89.png,1,0.008197,0.991803
25,malaria,Uninfected/C101P62ThinF_IMG_20150918_155731_cell_37.png,1,0.008547,0.991453
26,malaria,Uninfected/C131P92ThinF_IMG_20151004_145410_cell_3.png,1,0.008945,0.991055
27,malaria,Parasitized/C159P120ThinF_IMG_20151115_190642_cell_204.png,0,0.009842,0.990158
28,malaria,Uninfected/C99P60ThinF_IMG_20150918_141129_cell_84.png,1,0.00988,0.99012
29,malaria,Uninfected/C69P30N_ThinF_IMG_20150819_135421_cell_157.png,1,0.0105,0.9895
30,malaria,Uninfected/C157P118ThinF_IMG_20151115_163915_cell_107.png,1,0.011076,0.988924
31,malaria,Uninfected/C225ThinF_IMG_20151112_113735_cell_81.png,1,0.011194,0.988806
32,malaria,Uninfected/C86P47ThinF_IMG_20150820_124943_cell_207.png,1,0.011227,0.988773
33,malaria,Uninfected/C152P113ThinF_IMG_20151115_124032_cell_171.png,1,0.011583,0.988417
34,malaria,Uninfected/C54P15thinF_IMG_20150728_112832_cell_24.png,1,0.012038,0.987962
35,malaria,Parasitized/C182P143NThinF_IMG_20151201_171950_cell_161.png,0,0.013616,0.986384
36,malaria,Uninfected/C207ThinF_IMG_20151029_143711_cell_6.png,1,0.015088,0.984912
37,malaria,Uninfected/C62P23N_ThinF_IMG_20150818_133211_cell_94.png,1,0.015132,0.984868
38,malaria,Parasitized/C170P131ThinF_IMG_20151119_120111_cell_235.png,0,0.015416,0.984584
39,malaria,Uninfected/C93P54ThinF_IMG_20150821_164024_cell_158.png,1,0.015978,0.984022
40,malaria,Parasitized/C159P120ThinF_IMG_20151115_190002_cell_227.png,0,0.016023,0.983977
41,malaria,Uninfected/C151P112ThinF_IMG_20151115_121644_cell_131.png,1,0.016476,0.983524
42,malaria,Parasitized/C184P145ThinF_IMG_20151203_104334_cell_18.png,0,0.016498,0.983502
43,malaria,Parasitized/C62P23N_ThinF_IMG_20150818_133211_cell_197.png,0,0.016989,0.983011
44,malaria,Parasitized/C125P86ThinF_IMG_20151004_101158_cell_156.png,0,0.017601,0.982399
45,malaria,Uninfected/C228ThinF_IMG_20151112_142452_cell_181.png,1,0.018528,0.981472
46,malaria,Uninfected/C57P18thinF_IMG_20150729_110457_cell_78.png,1,0.018691,0.981309
47,malaria,Uninfected/C55P16thinF_IMG_20150728_123237_cell_15.png,1,0.018747,0.981253
48,malaria,Parasitized/C180P141NThinF_IMG_20151201_163848_cell_166.png,0,0.018821,0.981179
49,malaria,Uninfected/C214ThinF_IMG_20151106_115440_cell_163.png,1,0.019136,0.980864
50,malaria,Parasitized/C132P93ThinF_IMG_20151004_151811_cell_162.png,0,0.019145,0.980855
51,malaria,Uninfected/C114P75ThinF_IMG_20150930_150057_cell_93.png,1,0.019651,0.980349
52,malaria,Parasitized/C48P9thinF_IMG_20150721_164129_cell_33.png,0,0.019964,0.980036
53,malaria,Parasitized/C183P144NThinF_IMG_20151201_223208_cell_118.png,0,0.020141,0.979859
54,malaria,Uninfected/C150P111ThinF_IMG_20151115_120244_cell_108.png,1,0.020281,0.979719
55,malaria,Parasitized/C48P9thinF_IMG_20150721_162732_cell_7.png,0,0.020343,0.979657
56,malaria,Uninfected/C112P73ThinF_IMG_20150930_131516_cell_93.png,1,0.021059,0.978941
57,malaria,Parasitized/C68P29N_ThinF_IMG_20150819_133350_cell_165.png,0,0.021268,0.978732
58,malaria,Parasitized/C180P141NThinF_IMG_20151201_165601_cell_209.png,0,0.022028,0.977972
59,malaria,Uninfected/C210ThinF_IMG_20151029_162934_cell_258.png,1,0.022355,0.977645
60,malaria,Parasitized/C182P143NThinF_IMG_20151201_172216_cell_127.png,0,0.022839,0.977161
61,malaria,Parasitized/C147P108ThinF_IMG_20151115_101317_cell_192.png,0,0.023166,0.976834
62,malaria,Uninfected/C216ThinF_IMG_20151106_135653_cell_218.png,1,0.023397,0.976603
63,malaria,Parasitized/C68P29N_ThinF_IMG_20150819_134625_cell_15.png,0,0.023413,0.976587
64,malaria,Parasitized/C179P140ThinF_IMG_20151127_153420_cell_174.png,0,0.02381,0.97619
65,malaria,Parasitized/C147P108ThinF_IMG_20151115_092605_cell_224.png,0,0.024159,0.975841
66,malaria,Parasitized/C180P141NThinF_IMG_20151201_165601_cell_196.png,0,0.024472,0.975528
67,malaria,Uninfected/C150P111ThinF_IMG_20151115_120244_cell_187.png,1,0.024776,0.975224
68,malaria,Parasitized/C123P84ThinF_IMG_20151002_152330_cell_201.png,0,0.024887,0.975113
69,malaria,Parasitized/C116P77ThinF_IMG_20150930_172112_cell_101.png,0,0.025724,0.974276
70,malaria,Parasitized/C159P120ThinF_IMG_20151115_185541_cell_180.png,0,0.025768,0.974232
71,malaria,Parasitized/C180P141NThinF_IMG_20151201_163848_cell_150.png,0,0.025792,0.974208
72,malaria,Parasitized/C116P77ThinF_IMG_20150930_171739_cell_94.png,0,0.02669,0.97331
73,malaria,Parasitized/C166P127ThinF_IMG_20151117_193931_cell_210.png,0,0.026925,0.973075
74,malaria,Parasitized/C76P37ThinF_IMG_20150815_172902_cell_225.png,0,0.026982,0.973018
75,malaria,Uninfected/C74P35_ThinF_IMG_20150815_120957_cell_11.png,1,0.027087,0.972913
76,malaria,Parasitized/C49P10thinF_IMG_20150724_102330_cell_231.png,0,0.027579,0.972421
77,malaria,Parasitized/C182P143NThinF_IMG_20151201_172759_cell_37.png,0,0.027629,0.972371
78,malaria,Parasitized/C48P9thinF_IMG_20150721_160406_cell_242.png,0,0.028551,0.971449
79,malaria,Parasitized/C136P97ThinF_IMG_20151005_142437_cell_128.png,0,0.028647,0.971353
80,malaria,Parasitized/C159P120ThinF_IMG_20151115_185541_cell_186.png,0,0.028939,0.971061
81,malaria,Parasitized/C182P143NThinF_IMG_20151201_171950_cell_186.png,0,0.029641,0.970359
82,malaria,Uninfected/C91P52ThinF_IMG_20150821_124937_cell_171.png,1,0.029719,0.970281
83,malaria,Parasitized/C132P93ThinF_IMG_20151004_152808_cell_53.png,0,0.029731,0.970269
84,malaria,Uninfected/C142P103ThinF_IMG_20151005_221115_cell_128.png,1,0.03031,0.96969
85,malaria,Uninfected/C207ThinF_IMG_20151029_143711_cell_252.png,1,0.031068,0.968932
86,malaria,Parasitized/C182P143NThinF_IMG_20151201_172607_cell_45.png,0,0.031293,0.968707
87,malaria,Uninfected/C94P55ThinF_IMG_20150821_165519_cell_165.png,1,0.032428,0.967572
88,malaria,Parasitized/C182P143NThinF_IMG_20151201_172524_cell_176.png,0,0.032537,0.967463
89,malaria,Parasitized/C173P134NThinF_IMG_20151130_125501_cell_255.png,0,0.033386,0.966614
90,malaria,Parasitized/C182P143NThinF_IMG_20151201_172257_cell_150.png,0,0.033427,0.966573
91,malaria,Parasitized/C49P10thinF_IMG_20150724_102843_cell_183.png,0,0.033553,0.966447
92,malaria,Parasitized/C173P134NThinF_IMG_20151130_115339_cell_259.png,0,0.034907,0.965093
93,malaria,Parasitized/C182P143NThinF_IMG_20151201_171905_cell_180.png,0,0.035443,0.964557
94,malaria,Parasitized/C117P78ThinF_IMG_20150930_214511_cell_94.png,0,0.035828,0.964172
95,malaria,Uninfected/C169P130ThinF_IMG_20151118_163539_cell_51.png,1,0.03655,0.96345
96,malaria,Parasitized/C167P128ReThinF_IMG_20151201_105354_cell_228.png,0,0.036777,0.963223
97,malaria,Uninfected/C93P54ThinF_IMG_20150821_162901_cell_60.png,1,0.036845,0.963155
98,malaria,Parasitized/C113P74ThinF_IMG_20150930_140646_cell_181.png,0,0.037031,0.962969
99,malaria,Parasitized/C33P1thinF_IMG_20150619_115740a_cell_163.png,0,0.037104,0.962896
100,malaria,Parasitized/C123P84ThinF_IMG_20151002_152330_cell_202.png,0,0.037501,0.962499
101,malaria,Parasitized/C97P58ThinF_IMG_20150917_152032_cell_159.png,0,0.037546,0.962454
102,malaria,Parasitized/C159P120ThinF_IMG_20151115_190812_cell_246.png,0,0.037555,0.962445
103,malaria,Parasitized/C49P10thinF_IMG_20150724_102330_cell_226.png,0,0.037891,0.962109
104,malaria,Parasitized/C171P132ThinF_IMG_20151119_153425_cell_241.png,0,0.037964,0.962036
105,malaria,Uninfected/C79P40ThinF_IMG_20150817_102702_cell_64.png,1,0.03803,0.96197
106,malaria,Parasitized/C154P115ThinF_IMG_20151115_141543_cell_219.png,0,0.038407,0.961593
107,malaria,Parasitized/C60P21thinF_IMG_20150803_144510_cell_151.png,0,0.038475,0.961525
108,malaria,Uninfected/C48P9thinF_IMG_20150721_160944_cell_177.png,1,0.038819,0.961181
109,malaria,Parasitized/C56P17thinF_IMG_20150728_151330_cell_120.png,0,0.038858,0.961142
110,malaria,Parasitized/C167P128ReThinF_IMG_20151201_105354_cell_237.png,0,0.038977,0.961023
111,malaria,Parasitized/C140P101ThinF_IMG_20151005_210026_cell_174.png,0,0.038984,0.961016
112,malaria,Uninfected/C205ThinF_IMG_20151106_151800_cell_72.png,1,0.039767,0.960233
113,malaria,Parasitized/C49P10thinF_IMG_20150724_102330_cell_229.png,0,0.040126,0.959874
114,malaria,Parasitized/C182P143NThinF_IMG_20151201_172759_cell_31.png,0,0.04052,0.95948
115,malaria,Parasitized/C182P143NThinF_IMG_20151201_172257_cell_162.png,0,0.040635,0.959365
116,malaria,Parasitized/C182P143NThinF_IMG_20151201_171950_cell_191.png,0,0.040993,0.959007
117,malaria,Parasitized/C167P128ReThinF_IMG_20151201_105559_cell_242.png,0,0.041377,0.958623
118,malaria,Parasitized/C97P58ThinF_IMG_20150917_151320_cell_154.png,0,0.041506,0.958494
119,malaria,Uninfected/C66P27N_ThinF_IMG_20150818_163419_cell_189.png,1,0.04174,0.95826
120,malaria,Uninfected/C110P71ThinF_IMG_20150930_105729_cell_162.png,1,0.041817,0.958183
121,malaria,Parasitized/C164P125ThinF_IMG_20151116_113550_cell_158.png,0,0.042097,0.957903
122,malaria,Parasitized/C103P64ThinF_IMG_20150918_165510_cell_188.png,0,0.0422,0.9578
123,malaria,Parasitized/C186P147NThinF_IMG_20151203_150132_cell_198.png,0,0.042225,0.957775
124,malaria,Parasitized/C49P10thinF_IMG_20150724_102330_cell_227.png,0,0.042482,0.957518
125,malaria,Parasitized/C49P10thinF_IMG_20150724_102330_cell_230.png,0,0.0426,0.9574
126,malaria,Uninfected/C188P149ThinF_IMG_20151203_135433_cell_88.png,1,0.042754,0.957246
127,malaria,Parasitized/C51AP12thinF_IMG_20150724_160140_cell_60.png,0,0.042829,0.957171
128,malaria,Parasitized/C182P143NThinF_IMG_20151201_171950_cell_159.png,0,0.042839,0.957161
129,malaria,Parasitized/C84P45ThinF_IMG_20150818_101257_cell_93.png,0,0.043155,0.956845
130,malaria,Parasitized/C48P9thinF_IMG_20150721_160944_cell_199.png,0,0.043172,0.956828
131,malaria,Parasitized/C99P60ThinF_IMG_20150918_141001_cell_151.png,0,0.043304,0.956696
132,malaria,Parasitized/C167P128ReThinF_IMG_20151201_105559_cell_240.png,0,0.043313,0.956687
133,malaria,Parasitized/C49P10thinF_IMG_20150724_102330_cell_232.png,0,0.043323,0.956677
134,malaria,Parasitized/C159P120ThinF_IMG_20151115_191301_cell_235.png,0,0.043327,0.956673
135,malaria,Parasitized/C158P119ThinF_IMG_20151115_181436_cell_202.png,0,0.043739,0.956261
136,malaria,Parasitized/C118P79ThinF_IMG_20151002_110834_cell_137.png,0,0.043782,0.956218
137,malaria,Parasitized/C100P61ThinF_IMG_20150918_144348_cell_142.png,0,0.04384,0.95616
138,malaria,Parasitized/C65P26N_ThinF_IMG_20150818_154714_cell_184.png,0,0.043956,0.956044
139,malaria,Parasitized/C159P120ThinF_IMG_20151115_190642_cell_200.png,0,0.044531,0.955469
140,malaria,Uninfected/C62P23N_ThinF_IMG_20150818_133307_cell_137.png,1,0.044531,0.955469
141,malaria,Parasitized/C117P78ThinF_IMG_20150930_214317_cell_102.png,0,0.044542,0.955458
142,malaria,Parasitized/C48P9thinF_IMG_20150721_161055_cell_189.png,0,0.044855,0.955145
143,malaria,Parasitized/C167P128ReThinF_IMG_20151201_105354_cell_235.png,0,0.044935,0.955065
144,malaria,Parasitized/C182P143NThinF_IMG_20151201_172257_cell_196.png,0,0.044962,0.955038
145,malaria,Parasitized/C99P60ThinF_IMG_20150918_141520_cell_140.png,0,0.04543,0.95457
146,malaria,Parasitized/C180P141NThinF_IMG_20151201_163751_cell_185.png,0,0.045668,0.954332
147,malaria,Parasitized/C132P93ThinF_IMG_20151004_152808_cell_29.png,0,0.046034,0.953966
148,malaria,Parasitized/C132P93ThinF_IMG_20151004_151941_cell_44.png,0,0.046178,0.953822
149,malaria,Uninfected/C153P114ThinF_IMG_20151115_135639_cell_39.png,1,0.046854,0.953146
150,malaria,Parasitized/C49P10thinF_IMG_20150724_103233_cell_200.png,0,0.046997,0.953003
151,malaria,Parasitized/C39P4thinF_original_IMG_20150622_111942_cell_10.png,0,0.047333,0.952667
152,malaria,Parasitized/C97P58ThinF_IMG_20150917_151903_cell_23.png,0,0.047375,0.952625
153,malaria,Parasitized/C180P141NThinF_IMG_20151201_165453_cell_23.png,0,0.047538,0.952462
154,malaria,Parasitized/C92P53ThinF_IMG_20150821_151224_cell_206.png,0,0.047774,0.952226
155,malaria,Parasitized/C182P143NThinF_IMG_20151201_172607_cell_33.png,0,0.047965,0.952035
156,malaria,Parasitized/C182P143NThinF_IMG_20151201_172842_cell_2.png,0,0.048043,0.951957
157,malaria,Parasitized/C182P143NThinF_IMG_20151201_172607_cell_21.png,0,0.048365,0.951635
158,malaria,Parasitized/C189P150ThinF_IMG_20151203_141615_cell_89.png,0,0.048381,0.951619
159,malaria,Parasitized/C154P115ThinF_IMG_20151115_141543_cell_217.png,0,0.048542,0.951458
160,malaria,Parasitized/C68P29N_ThinF_IMG_20150819_133350_cell_123.png,0,0.048708,0.951292
161,malaria,Parasitized/C67P28N_ThinF_IMG_20150819_133000_cell_167.png,0,0.049208,0.950792
162,malaria,Parasitized/C173P134NThinF_IMG_20151130_115339_cell_261.png,0,0.049877,0.950123
163,malaria,Parasitized/C124P85ThinF_IMG_20151002_153825_cell_192.png,0,0.04992,0.95008
164,malaria,Uninfected/C77P38ThinF_IMG_20150601_155125_cell_115.png,1,0.05012,0.94988
165,malaria,Uninfected/C99P60ThinF_IMG_20150918_142128_cell_45.png,1,0.050292,0.949708
166,malaria,Uninfected/C13NThinF_IMG_20150614_131457_cell_193.png,1,0.050332,0.949668
167,malaria,Parasitized/C164P125ThinF_IMG_20151116_120135_cell_140.png,0,0.050562,0.949438
168,malaria,Uninfected/C92P53ThinF_IMG_20150821_151646_cell_155.png,1,0.050786,0.949214
169,malaria,Parasitized/C182P143NThinF_IMG_20151201_172216_cell_164.png,0,0.050827,0.949173
170,malaria,Parasitized/C50P11thinF_IMG_20150724_114951_cell_149.png,0,0.050829,0.949171
171,malaria,Parasitized/C183P144NThinF_IMG_20151201_222119_cell_143.png,0,0.050907,0.949093
172,malaria,Parasitized/C91P52ThinF_IMG_20150821_123314_cell_198.png,0,0.050959,0.949041
173,malaria,Parasitized/C48P9thinF_IMG_20150721_161243_cell_150.png,0,0.051117,0.948883
174,malaria,Uninfected/C138P99ThinF_IMG_20151005_172849_cell_90.png,1,0.051479,0.948521
175,malaria,Uninfected/C214ThinF_IMG_20151106_115440_cell_58.png,1,0.051542,0.948458
176,malaria,Parasitized/C166P127ThinF_IMG_20151117_193235_cell_215.png,0,0.051799,0.948201
177,malaria,Parasitized/C182P143NThinF_IMG_20151201_172216_cell_152.png,0,0.052025,0.947975
178,malaria,Parasitized/C68P29N_ThinF_IMG_20150819_133447_cell_125.png,0,0.052068,0.947932
179,malaria,Parasitized/C116P77ThinF_IMG_20150930_171635_cell_86.png,0,0.052222,0.947778
180,malaria,Uninfected/C61P22N_ThinF_IMG_20150818_112811_cell_128.png,1,0.052442,0.947558
181,malaria,Parasitized/C182P143NThinF_IMG_20151201_172057_cell_145.png,0,0.052668,0.947332
182,malaria,Parasitized/C164P125ThinF_IMG_20151116_115604_cell_3.png,0,0.052699,0.947301
183,malaria,Parasitized/C48P9thinF_IMG_20150721_161412_cell_180.png,0,0.053107,0.946893
184,malaria,Parasitized/C182P143NThinF_IMG_20151201_171905_cell_178.png,0,0.054388,0.945612
185,malaria,Parasitized/C139P100ThinF_IMG_20151005_182410_cell_171.png,0,0.054481,0.945519
186,malaria,Parasitized/C132P93ThinF_IMG_20151004_152642_cell_36.png,0,0.054586,0.945414
187,malaria,Parasitized/C180P141NThinF_IMG_20151201_165659_cell_46.png,0,0.054906,0.945094
188,malaria,Parasitized/C182P143NThinF_IMG_20151201_172759_cell_38.png,0,0.054987,0.945013
189,malaria,Parasitized/C68P29N_ThinF_IMG_20150819_134625_cell_33.png,0,0.055,0.945
190,malaria,Uninfected/C169P130ThinF_IMG_20151118_173039_cell_245.png,1,0.055278,0.944722
191,malaria,Parasitized/C50P11thinF_IMG_20150724_120716_cell_155.png,0,0.055289,0.944711
192,malaria,Parasitized/C49P10thinF_IMG_20150724_102330_cell_225.png,0,0.055327,0.944673
193,malaria,Uninfected/C6NThinF_IMG_20150609_122725_cell_208.png,1,0.055455,0.944545
194,malaria,Uninfected/C141P102ThinF_IMG_20151005_214615_cell_132.png,1,0.055729,0.944271
195,malaria,Uninfected/C210ThinF_IMG_20151029_162834_cell_57.png,1,0.055815,0.944185
196,malaria,Parasitized/C182P143NThinF_IMG_20151201_171950_cell_190.png,0,0.055837,0.944163
197,malaria,Parasitized/C60P21thinF_IMG_20150804_105639_cell_8.png,0,0.056034,0.943966
198,malaria,Parasitized/C99P60ThinF_IMG_20150918_141857_cell_39.png,0,0.056233,0.943767
199,malaria,Parasitized/C128P89ThinF_IMG_20151004_131129_cell_149.png,0,0.056444,0.943556
200,malaria,Uninfected/C118P79ThinF_IMG_20151002_104831_cell_134.png,1,0.056733,0.943267
201,malaria,Parasitized/C50P11thinF_IMG_20150724_120716_cell_151.png,0,0.05677,0.94323
202,malaria,Parasitized/C157P118ThinF_IMG_20151115_163759_cell_185.png,0,0.056939,0.943061
203,malaria,Uninfected/C136P97ThinF_IMG_20151005_141321_cell_15.png,1,0.057313,0.942687
204,malaria,Uninfected/C229ThinF_IMG_20151112_144147_cell_154.png,1,0.057384,0.942616
205,malaria,Parasitized/C96P57ThinF_IMG_20150824_105213_cell_212.png,0,0.057511,0.942489
206,malaria,Parasitized/C48P9thinF_IMG_20150721_161412_cell_197.png,0,0.057707,0.942293
207,malaria,Parasitized/C99P60ThinF_IMG_20150918_141520_cell_124.png,0,0.05777,0.94223
208,malaria,Parasitized/C80P41ThinF_IMG_20150817_111943_cell_13.png,0,0.057885,0.942115
209,malaria,Parasitized/C182P143NThinF_IMG_20151201_172257_cell_153.png,0,0.057893,0.942107
210,malaria,Parasitized/C166P127ThinF_IMG_20151117_194410_cell_198.png,0,0.058757,0.941243
211,malaria,Uninfected/C75P36_ThinF_IMG_20150815_163707_cell_33.png,1,0.058849,0.941151
212,malaria,Parasitized/C49P10thinF_IMG_20150724_103233_cell_197.png,0,0.058964,0.941036
213,malaria,Parasitized/C99P60ThinF_IMG_20150918_141314_cell_99.png,0,0.059049,0.940951
214,malaria,Parasitized/C91P52ThinF_IMG_20150821_124937_cell_210.png,0,0.059241,0.940759
215,malaria,Uninfected/C117P78ThinF_IMG_20150930_221812_cell_16.png,1,0.059488,0.940512
216,malaria,Parasitized/C50P11thinF_IMG_20150724_115749_cell_174.png,0,0.059559,0.940441
217,malaria,Parasitized/C182P143NThinF_IMG_20151201_171950_cell_201.png,0,0.060035,0.939965
218,malaria,Parasitized/C68P29N_ThinF_IMG_20150819_133236_cell_150.png,0,0.060198,0.939802
219,malaria,Parasitized/C118P79ThinF_IMG_20151002_105827_cell_147.png,0,0.060269,0.939731
220,malaria,Parasitized/C46P7ThinF_IMG_20151130_210815_cell_8.png,0,0.060477,0.939523
221,malaria,Parasitized/C182P143NThinF_IMG_20151201_172057_cell_167.png,0,0.06078,0.93922
222,malaria,Uninfected/C62P23N_ThinF_IMG_20150818_133211_cell_10.png,1,0.061014,0.938986
223,malaria,Parasitized/C51AP12thinF_IMG_20150724_153313_cell_95.png,0,0.061356,0.938644
224,malaria,Uninfected/C226ThinF_IMG_20151112_131408_cell_102.png,1,0.061481,0.938519
225,malaria,Parasitized/C140P101ThinF_IMG_20151005_205406_cell_170.png,0,0.061794,0.938206
226,malaria,Parasitized/C182P143NThinF_IMG_20151201_172842_cell_13.png,0,0.062123,0.937877
227,malaria,Parasitized/C184P145ThinF_IMG_20151203_104030_cell_35.png,0,0.062338,0.937662
228,malaria,Parasitized/C60P21thinF_IMG_20150804_113011_cell_8.png,0,0.062352,0.937648
229,malaria,Parasitized/C68P29N_ThinF_IMG_20150819_133350_cell_159.png,0,0.062461,0.937539
230,malaria,Parasitized/C123P84ThinF_IMG_20151002_151432_cell_165.png,0,0.062549,0.937451
231,malaria,Uninfected/C7NthinF_IMG_20150611_104609_cell_62.png,1,0.062744,0.937256
232,malaria,Parasitized/C80P41ThinF_IMG_20150817_111544_cell_123.png,0,0.063249,0.936751
233,malaria,Parasitized/C144P105ThinF_IMG_20151015_155004_cell_307.png,0,0.063323,0.936677
234,malaria,Parasitized/C137P98ThinF_IMG_20151005_160122_cell_68.png,0,0.063399,0.936601
235,malaria,Parasitized/C182P143NThinF_IMG_20151201_172524_cell_201.png,0,0.063722,0.936278
236,malaria,Parasitized/C68P29N_ThinF_IMG_20150819_133236_cell_191.png,0,0.064385,0.935615
237,malaria,Parasitized/C99P60ThinF_IMG_20150918_141001_cell_169.png,0,0.064411,0.935589
238,malaria,Parasitized/C164P125ThinF_IMG_20151116_115650_cell_163.png,0,0.064421,0.935579
239,malaria,Parasitized/C116P77ThinF_IMG_20150930_171558_cell_115.png,0,0.064678,0.935322
240,malaria,Parasitized/C182P143NThinF_IMG_20151201_171905_cell_153.png,0,0.064764,0.935236
241,malaria,Parasitized/C180P141NThinF_IMG_20151201_165528_cell_163.png,0,0.064867,0.935133
242,malaria,Parasitized/C46P7ThinF_IMG_20151130_205719_cell_131.png,0,0.064876,0.935124
243,malaria,Uninfected/C88P49ThinF_IMG_20150820_150724_cell_129.png,1,0.065238,0.934762
244,malaria,Parasitized/C50P11thinF_IMG_20150724_115141_cell_185.png,0,0.065266,0.934734
245,malaria,Parasitized/C60P21thinF_IMG_20150804_104919_cell_138.png,0,0.065334,0.934666
246,malaria,Parasitized/C99P60ThinF_IMG_20150918_142334_cell_6.png,0,0.065359,0.934641
247,malaria,Uninfected/C39P4thinF_original_IMG_20150622_105102_cell_59.png,1,0.067136,0.932864
248,malaria,Uninfected/C216ThinF_IMG_20151106_135337_cell_60.png,1,0.071337,0.928663
249,malaria,Uninfected/C158P119ThinF_IMG_20151115_181136_cell_91.png,1,0.071339,0.928661
1,pneumonia,PNEUMONIA/person504_bacteria_2127.jpeg,1,0.011752,0.988248
2,pneumonia,PNEUMONIA/person1190_virus_2031.jpeg,1,0.029015,0.970985
3,pneumonia,PNEUMONIA/person732_virus_1353.jpeg,1,0.031158,0.968842
4,pneumonia,NORMAL/NORMAL2-IM-0757-0001.jpeg,0,0.03244,0.96756
5,pneumonia,PNEUMONIA/person109_virus_203.jpeg,1,0.03414,0.96586
6,pneumonia,PNEUMONIA/person1183_virus_2018.jpeg,1,0.035638,0.964362
7,pneumonia,PNEUMONIA/person1483_virus_2574.jpeg,1,0.036119,0.963881
8,pneumonia,PNEUMONIA/person1175_bacteria_3122.jpeg,1,0.039714,0.960286
9,pneumonia,PNEUMONIA/person1158_virus_1938.jpeg,1,0.040188,0.959812
10,pneumonia,PNEUMONIA/person74_bacteria_363.jpeg,1,0.040828,0.959172
11,pneumonia,NORMAL/NORMAL2-IM-1356-0001.jpeg,0,0.041024,0.958976
12,pneumonia,PNEUMONIA/person1368_virus_2353.jpeg,1,0.041569,0.958431
13,pneumonia,PNEUMONIA/person1181_bacteria_3129.jpeg,1,0.043857,0.956143
14,pneumonia,PNEUMONIA/person496_bacteria_2095.jpeg,1,0.046123,0.953877
15,pneumonia,PNEUMONIA/person506_bacteria_2138.jpeg,1,0.047827,0.952173
16,pneumonia,NORMAL/NORMAL2-IM-1438-0001.jpeg,0,0.052034,0.947966
17,pneumonia,PNEUMONIA/person781_virus_1412.jpeg,1,0.05413,0.94587
18,pneumonia,PNEUMONIA/person1149_virus_1925.jpeg,1,0.055535,0.944465
19,pneumonia,PNEUMONIA/person813_virus_1449.jpeg,1,0.055685,0.944315
20,pneumonia,NORMAL/NORMAL2-IM-1250-0001.jpeg,0,0.058224,0.941776
21,pneumonia,NORMAL/NORMAL2-IM-1437-0001.jpeg,0,0.061384,0.938616
22,pneumonia,PNEUMONIA/person294_virus_606.jpeg,1,0.062341,0.937659
23,pneumonia,PNEUMONIA/person343_bacteria_1584.jpeg,1,0.063671,0.936329
24,pneumonia,PNEUMONIA/person104_virus_191.jpeg,1,0.066688,0.933312
25,pneumonia,PNEUMONIA/person618_bacteria_2489.jpeg,1,0.069794,0.930206
26,pneumonia,PNEUMONIA/person1461_virus_2510.jpeg,1,0.070087,0.929913
27,pneumonia,PNEUMONIA/person111_virus_212.jpeg,1,0.071295,0.928705
28,pneumonia,NORMAL/NORMAL2-IM-1362-0001.jpeg,0,0.073989,0.926011
29,pneumonia,NORMAL/IM-0621-0001.jpeg,0,0.074577,0.925423
30,pneumonia,PNEUMONIA/person20_bacteria_69.jpeg,1,0.074669,0.925331
31,pneumonia,PNEUMONIA/person1208_bacteria_3160.jpeg,1,0.075601,0.924399
32,pneumonia,PNEUMONIA/person1453_bacteria_3770.jpeg,1,0.076183,0.923817
33,pneumonia,NORMAL/NORMAL2-IM-1379-0001.jpeg,0,0.076651,0.923349
34,pneumonia,PNEUMONIA/person545_bacteria_2290.jpeg,1,0.077154,0.922846
35,pneumonia,PNEUMONIA/person1244_bacteria_3200.jpeg,1,0.078443,0.921557
36,pneumonia,PNEUMONIA/person21_bacteria_73.jpeg,1,0.078645,0.921355
37,pneumonia,PNEUMONIA/person630_bacteria_2512.jpeg,1,0.078894,0.921106
38,pneumonia,PNEUMONIA/person476_bacteria_2026.jpeg,1,0.081445,0.918555
39,pneumonia,PNEUMONIA/person10_bacteria_43.jpeg,1,0.081456,0.918544
40,pneumonia,NORMAL/NORMAL2-IM-1067-0001.jpeg,0,0.081692,0.918308
41,pneumonia,PNEUMONIA/person788_virus_1419.jpeg,1,0.081719,0.918281
42,pneumonia,PNEUMONIA/person1049_bacteria_2983.jpeg,1,0.081933,0.918067
43,pneumonia,PNEUMONIA/person590_bacteria_2428.jpeg,1,0.082291,0.917709
44,pneumonia,PNEUMONIA/person46_bacteria_225.jpeg,1,0.083319,0.916681
45,pneumonia,PNEUMONIA/person575_bacteria_2374.jpeg,1,0.083726,0.916274
46,pneumonia,PNEUMONIA/person295_virus_612.jpeg,1,0.084061,0.915939
47,pneumonia,PNEUMONIA/person1281_virus_2204.jpeg,1,0.085886,0.914114
48,pneumonia,PNEUMONIA/person1187_virus_2023.jpeg,1,0.089868,0.910132
49,pneumonia,NORMAL/NORMAL2-IM-1396-0001.jpeg,0,0.092916,0.907084
50,pneumonia,PNEUMONIA/person549_bacteria_2303.jpeg,1,0.093029,0.906971
51,pneumonia,PNEUMONIA/person1162_bacteria_3107.jpeg,1,0.093453,0.906547
52,pneumonia,PNEUMONIA/person1180_virus_2015.jpeg,1,0.093478,0.906522
53,pneumonia,NORMAL/NORMAL2-IM-0718-0001.jpeg,0,0.095066,0.904934
54,pneumonia,PNEUMONIA/person645_bacteria_2537.jpeg,1,0.0954,0.9046
55,pneumonia,NORMAL/NORMAL2-IM-1400-0001.jpeg,0,0.096262,0.903738
56,pneumonia,PNEUMONIA/person805_bacteria_2712.jpeg,1,0.100727,0.899273
57,pneumonia,PNEUMONIA/person1152_virus_1930.jpeg,1,0.101501,0.898499
58,pneumonia,NORMAL/NORMAL2-IM-0723-0001.jpeg,0,0.101689,0.898311
59,pneumonia,PNEUMONIA/person885_bacteria_2809.jpeg,1,0.102156,0.897844
60,pneumonia,PNEUMONIA/person86_virus_159.jpeg,1,0.102726,0.897274
61,pneumonia,PNEUMONIA/person491_bacteria_2071.jpeg,1,0.102751,0.897249
62,pneumonia,PNEUMONIA/person929_bacteria_2854.jpeg,1,0.104045,0.895955
63,pneumonia,PNEUMONIA/person1162_virus_1950.jpeg,1,0.104373,0.895627
64,pneumonia,PNEUMONIA/person1171_bacteria_3118.jpeg,1,0.104886,0.895114
65,pneumonia,PNEUMONIA/person303_bacteria_1431.jpeg,1,0.105053,0.894947
66,pneumonia,PNEUMONIA/person1357_virus_2338.jpeg,1,0.105863,0.894137
67,pneumonia,PNEUMONIA/person458_virus_945.jpeg,1,0.106165,0.893835
68,pneumonia,PNEUMONIA/person504_bacteria_2133.jpeg,1,0.106248,0.893752
69,pneumonia,PNEUMONIA/person289_virus_593.jpeg,1,0.10634,0.89366
70,pneumonia,PNEUMONIA/person275_virus_565.jpeg,1,0.109118,0.890882
71,pneumonia,NORMAL/NORMAL2-IM-0741-0001.jpeg,0,0.112945,0.887055
72,pneumonia,NORMAL/NORMAL2-IM-0808-0001.jpeg,0,0.115383,0.884617
73,pneumonia,PNEUMONIA/person299_bacteria_1419.jpeg,1,0.115867,0.884133
74,pneumonia,PNEUMONIA/person8_bacteria_37.jpeg,1,0.116914,0.883086
75,pneumonia,PNEUMONIA/person454_virus_938.jpeg,1,0.118164,0.881836
76,pneumonia,NORMAL/NORMAL2-IM-0611-0001.jpeg,0,0.118433,0.881567
77,pneumonia,NORMAL/NORMAL2-IM-0730-0001.jpeg,0,0.118514,0.881486
78,pneumonia,PNEUMONIA/person1454_bacteria_3782.jpeg,1,0.119445,0.880555
79,pneumonia,PNEUMONIA/person38_bacteria_196.jpeg,1,0.119564,0.880436
80,pneumonia,NORMAL/NORMAL2-IM-0587-0001-0002.jpeg,0,0.119989,0.880011
81,pneumonia,PNEUMONIA/person833_virus_1469.jpeg,1,0.122444,0.877556
82,pneumonia,NORMAL/NORMAL2-IM-1360-0001.jpeg,0,0.123925,0.876075
83,pneumonia,PNEUMONIA/person1490_virus_2596.jpeg,1,0.124755,0.875245
84,pneumonia,PNEUMONIA/person68_bacteria_336.jpeg,1,0.126712,0.873288
85,pneumonia,PNEUMONIA/person72_bacteria_354.jpeg,1,0.127323,0.872677
86,pneumonia,PNEUMONIA/person1459_bacteria_3797.jpeg,1,0.133311,0.866689
87,pneumonia,PNEUMONIA/person327_bacteria_1509.jpeg,1,0.133575,0.866425
88,pneumonia,NORMAL/NORMAL2-IM-1406-0001.jpeg,0,0.136891,0.863109
89,pneumonia,NORMAL/NORMAL2-IM-1064-0001.jpeg,0,0.137791,0.862209
90,pneumonia,PNEUMONIA/person391_bacteria_1782.jpeg,1,0.138212,0.861788
91,pneumonia,PNEUMONIA/person734_bacteria_2637.jpeg,1,0.140288,0.859712
92,pneumonia,PNEUMONIA/person489_bacteria_2067.jpeg,1,0.142381,0.857619
93,pneumonia,PNEUMONIA/person409_bacteria_1824.jpeg,1,0.144043,0.855957
94,pneumonia,PNEUMONIA/person652_bacteria_2544.jpeg,1,0.144468,0.855532
95,pneumonia,NORMAL/IM-0133-0001.jpeg,0,0.146308,0.853692
96,pneumonia,PNEUMONIA/person94_virus_176.jpeg,1,0.146952,0.853048
97,pneumonia,PNEUMONIA/person295_bacteria_1390.jpeg,1,0.147062,0.852938
98,pneumonia,PNEUMONIA/person293_bacteria_1379.jpeg,1,0.148401,0.851599
99,pneumonia,PNEUMONIA/person311_bacteria_1453.jpeg,1,0.148587,0.851413
100,pneumonia,PNEUMONIA/person1006_bacteria_2937.jpeg,1,0.151744,0.848256
101,pneumonia,NORMAL/NORMAL2-IM-1214-0001.jpeg,0,0.151986,0.848014
102,pneumonia,PNEUMONIA/person444_bacteria_1927.jpeg,1,0.154112,0.845888
103,pneumonia,PNEUMONIA/person1114_bacteria_3055.jpeg,1,0.156121,0.843879
104,pneumonia,PNEUMONIA/person745_bacteria_2648.jpeg,1,0.156516,0.843484
105,pneumonia,PNEUMONIA/person294_bacteria_1386.jpeg,1,0.157606,0.842394
106,pneumonia,PNEUMONIA/person317_bacteria_1473.jpeg,1,0.157787,0.842213
107,pneumonia,PNEUMONIA/person302_bacteria_1430.jpeg,1,0.160958,0.839042
108,pneumonia,PNEUMONIA/person1449_bacteria_3746.jpeg,1,0.162446,0.837554
109,pneumonia,PNEUMONIA/person1227_virus_2078.jpeg,1,0.162806,0.837194
110,pneumonia,PNEUMONIA/person1140_virus_1885.jpeg,1,0.163797,0.836203
111,pneumonia,PNEUMONIA/person12_bacteria_48.jpeg,1,0.166823,0.833177
112,pneumonia,PNEUMONIA/person1156_virus_1935.jpeg,1,0.168237,0.831763
113,pneumonia,PNEUMONIA/person384_bacteria_1755.jpeg,1,0.170462,0.829538
114,pneumonia,PNEUMONIA/person1455_virus_2496.jpeg,1,0.170781,0.829219
115,pneumonia,PNEUMONIA/person1160_virus_1947.jpeg,1,0.175305,0.824695
116,pneumonia,PNEUMONIA/person674_bacteria_2568.jpeg,1,0.175889,0.824111
117,pneumonia,PNEUMONIA/person1107_bacteria_3048.jpeg,1,0.177046,0.822954
118,pneumonia,PNEUMONIA/person1184_virus_2019.jpeg,1,0.177773,0.822227
119,pneumonia,PNEUMONIA/person450_bacteria_1941.jpeg,1,0.178783,0.821217
120,pneumonia,PNEUMONIA/person1183_bacteria_3131.jpeg,1,0.179138,0.820862
121,pneumonia,PNEUMONIA/person610_bacteria_2475.jpeg,1,0.183049,0.816951
122,pneumonia,PNEUMONIA/person534_bacteria_2251.jpeg,1,0.184776,0.815224
123,pneumonia,PNEUMONIA/person703_virus_1300.jpeg,1,0.186482,0.813518
124,pneumonia,PNEUMONIA/person493_bacteria_2087.jpeg,1,0.187904,0.812096
125,pneumonia,PNEUMONIA/person844_virus_1487.jpeg,1,0.18933,0.81067
126,pneumonia,PNEUMONIA/person536_virus_1064.jpeg,1,0.190415,0.809585
127,pneumonia,PNEUMONIA/person815_bacteria_2726.jpeg,1,0.191714,0.808286
128,pneumonia,PNEUMONIA/person1164_virus_1958.jpeg,1,0.191893,0.808107
129,pneumonia,PNEUMONIA/person1287_virus_2210.jpeg,1,0.194236,0.805764
130,pneumonia,PNEUMONIA/person494_bacteria_2088.jpeg,1,0.194773,0.805227
131,pneumonia,PNEUMONIA/person45_bacteria_222.jpeg,1,0.196413,0.803587
132,pneumonia,PNEUMONIA/person423_virus_869.jpeg,1,0.197671,0.802329
133,pneumonia,PNEUMONIA/person1475_virus_2558.jpeg,1,0.203594,0.796406
134,pneumonia,PNEUMONIA/person344_bacteria_1585.jpeg,1,0.204288,0.795712
135,pneumonia,PNEUMONIA/person802_bacteria_2708.jpeg,1,0.2067,0.7933
136,pneumonia,PNEUMONIA/person410_bacteria_1825.jpeg,1,0.207958,0.792042
137,pneumonia,PNEUMONIA/person1405_bacteria_3566.jpeg,1,0.209195,0.790805
138,pneumonia,PNEUMONIA/person488_bacteria_2062.jpeg,1,0.209523,0.790477
139,pneumonia,PNEUMONIA/person301_bacteria_1429.jpeg,1,0.210698,0.789302
140,pneumonia,PNEUMONIA/person58_bacteria_278.jpeg,1,0.213005,0.786995
141,pneumonia,PNEUMONIA/person359_bacteria_1642.jpeg,1,0.216513,0.783487
142,pneumonia,PNEUMONIA/person411_bacteria_1826.jpeg,1,0.216577,0.783423
143,pneumonia,PNEUMONIA/person432_virus_881.jpeg,1,0.21827,0.78173
144,pneumonia,PNEUMONIA/person1191_virus_2032.jpeg,1,0.218667,0.781333
145,pneumonia,PNEUMONIA/person1358_virus_2339.jpeg,1,0.218995,0.781005
146,pneumonia,PNEUMONIA/person1163_virus_1951.jpeg,1,0.220065,0.779935
147,pneumonia,PNEUMONIA/person422_bacteria_1853.jpeg,1,0.221577,0.778423
148,pneumonia,PNEUMONIA/person1174_virus_1980.jpeg,1,0.222277,0.777723
149,pneumonia,PNEUMONIA/person1405_virus_2408.jpeg,1,0.222607,0.777393
150,pneumonia,PNEUMONIA/person477_bacteria_2031.jpeg,1,0.223,0.777
151,pneumonia,PNEUMONIA/person1409_bacteria_3583.jpeg,1,0.223727,0.776273
152,pneumonia,PNEUMONIA/person492_bacteria_2085.jpeg,1,0.224013,0.775987
153,pneumonia,PNEUMONIA/person357_bacteria_1639.jpeg,1,0.225039,0.774961
154,pneumonia,PNEUMONIA/person472_virus_969.jpeg,1,0.225226,0.774774
155,pneumonia,PNEUMONIA/person416_bacteria_1840.jpeg,1,0.225761,0.774239
