disease,sample_id
malaria,Parasitized/C100P61ThinF_IMG_20150918_144348_cell_142.png
malaria,Parasitized/C103P64ThinF_IMG_20150918_165510_cell_188.png
malaria,Parasitized/C113P74ThinF_IMG_20150930_140646_cell_181.png
malaria,Parasitized/C116P77ThinF_IMG_20150930_171558_cell_115.png
malaria,Parasitized/C116P77ThinF_IMG_20150930_171635_cell_86.png
malaria,Parasitized/C116P77ThinF_IMG_20150930_171739_cell_94.png
malaria,Parasitized/C116P77ThinF_IMG_20150930_172112_cell_101.png
malaria,Parasitized/C117P78ThinF_IMG_20150930_214317_cell_102.png
malaria,Parasitized/C117P78ThinF_IMG_20150930_214511_cell_94.png
malaria,Parasitized/C118P79ThinF_IMG_20151002_105827_cell_147.png
malaria,Parasitized/C118P79ThinF_IMG_20151002_110834_cell_137.png
malaria,Parasitized/C123P84ThinF_IMG_20151002_151432_cell_165.png
malaria,Parasitized/C123P84ThinF_IMG_20151002_152330_cell_201.png
malaria,Parasitized/C123P84ThinF_IMG_20151002_152330_cell_202.png
malaria,Parasitized/C124P85ThinF_IMG_20151002_153825_cell_192.png
malaria,Parasitized/C125P86ThinF_IMG_20151004_101158_cell_156.png
malaria,Parasitized/C128P89ThinF_IMG_20151004_131129_cell_149.png
malaria,Parasitized/C132P93ThinF_IMG_20151004_151811_cell_162.png
malaria,Parasitized/C132P93ThinF_IMG_20151004_151941_cell_44.png
malaria,Parasitized/C132P93ThinF_IMG_20151004_152642_cell_36.png
malaria,Parasitized/C132P93ThinF_IMG_20151004_152808_cell_29.png
malaria,Parasitized/C132P93ThinF_IMG_20151004_152808_cell_53.png
malaria,Parasitized/C136P97ThinF_IMG_20151005_142437_cell_128.png
malaria,Parasitized/C137P98ThinF_IMG_20151005_160122_cell_68.png
malaria,Parasitized/C139P100ThinF_IMG_20151005_182410_cell_171.png
malaria,Parasitized/C140P101ThinF_IMG_20151005_205406_cell_170.png
malaria,Parasitized/C140P101ThinF_IMG_20151005_210026_cell_174.png
malaria,Parasitized/C144P105ThinF_IMG_20151015_155004_cell_307.png
malaria,Parasitized/C147P108ThinF_IMG_20151115_092605_cell_224.png
malaria,Parasitized/C147P108ThinF_IMG_20151115_101317_cell_192.png
malaria,Parasitized/C154P115ThinF_IMG_20151115_141543_cell_217.png
malaria,Parasitized/C154P115ThinF_IMG_20151115_141543_cell_219.png
malaria,Parasitized/C157P118ThinF_IMG_20151115_163759_cell_185.png
malaria,Parasitized/C158P119ThinF_IMG_20151115_181436_cell_202.png
malaria,Parasitized/C159P120ThinF_IMG_20151115_185541_cell_180.png
malaria,Parasitized/C159P120ThinF_IMG_20151115_185541_cell_186.png
malaria,Parasitized/C159P120ThinF_IMG_20151115_190002_cell_227.png
malaria,Parasitized/C159P120ThinF_IMG_20151115_190642_cell_200.png
malaria,Parasitized/C159P120ThinF_IMG_20151115_190642_cell_204.png
malaria,Parasitized/C159P120ThinF_IMG_20151115_190812_cell_246.png
malaria,Parasitized/C159P120ThinF_IMG_20151115_191301_cell_235.png
malaria,Parasitized/C164P125ThinF_IMG_20151116_113550_cell_158.png
malaria,Parasitized/C164P125ThinF_IMG_20151116_115604_cell_3.png
malaria,Parasitized/C164P125ThinF_IMG_20151116_115650_cell_163.png
malaria,Parasitized/C164P125ThinF_IMG_20151116_120135_cell_140.png
malaria,Parasitized/C166P127ThinF_IMG_20151117_193235_cell_215.png
malaria,Parasitized/C166P127ThinF_IMG_20151117_193931_cell_210.png
malaria,Parasitized/C166P127ThinF_IMG_20151117_194410_cell_198.png
malaria,Parasitized/C167P128ReThinF_IMG_20151201_105354_cell_228.png
malaria,Parasitized/C167P128ReThinF_IMG_20151201_105354_cell_235.png
malaria,Parasitized/C167P128ReThinF_IMG_20151201_105354_cell_237.png
malaria,Parasitized/C167P128ReThinF_IMG_20151201_105559_cell_240.png
malaria,Parasitized/C167P128ReThinF_IMG_20151201_105559_cell_242.png
malaria,Parasitized/C170P131ThinF_IMG_20151119_120111_cell_235.png
malaria,Parasitized/C171P132ThinF_IMG_20151119_153425_cell_241.png
malaria,Parasitized/C173P134NThinF_IMG_20151130_115339_cell_259.png
malaria,Parasitized/C173P134NThinF_IMG_20151130_115339_cell_261.png
malaria,Parasitized/C173P134NThinF_IMG_20151130_125501_cell_255.png
malaria,Parasitized/C179P140ThinF_IMG_20151127_153420_cell_174.png
malaria,Parasitized/C180P141NThinF_IMG_20151201_163751_cell_185.png
malaria,Parasitized/C180P141NThinF_IMG_20151201_163848_cell_150.png
malaria,Parasitized/C180P141NThinF_IMG_20151201_163848_cell_166.png
malaria,Parasitized/C180P141NThinF_IMG_20151201_165453_cell_23.png
malaria,Parasitized/C180P141NThinF_IMG_20151201_165528_cell_163.png
malaria,Parasitized/C180P141NThinF_IMG_20151201_165601_cell_196.png
malaria,Parasitized/C180P141NThinF_IMG_20151201_165601_cell_209.png
malaria,Parasitized/C180P141NThinF_IMG_20151201_165659_cell_46.png
malaria,Parasitized/C182P143NThinF_IMG_20151201_171905_cell_153.png
malaria,Parasitized/C182P143NThinF_IMG_20151201_171905_cell_178.png
malaria,Parasitized/C182P143NThinF_IMG_20151201_171905_cell_180.png
malaria,Parasitized/C182P143NThinF_IMG_20151201_171950_cell_159.png
malaria,Parasitized/C182P143NThinF_IMG_20151201_171950_cell_161.png
malaria,Parasitized/C182P143NThinF_IMG_20151201_171950_cell_186.png
malaria,Parasitized/C182P143NThinF_IMG_20151201_171950_cell_190.png
malaria,Parasitized/C182P143NThinF_IMG_20151201_171950_cell_191.png
malaria,Parasitized/C182P143NThinF_IMG_20151201_171950_cell_201.png
malaria,Parasitized/C182P143NThinF_IMG_20151201_172057_cell_145.png
malaria,Parasitized/C182P143NThinF_IMG_20151201_172057_cell_167.png
malaria,Parasitized/C182P143NThinF_IMG_20151201_172216_cell_127.png
malaria,Parasitized/C182P143NThinF_IMG_20151201_172216_cell_152.png
malaria,Parasitized/C182P143NThinF_IMG_20151201_172216_cell_164.png
malaria,Parasitized/C182P143NThinF_IMG_20151201_172257_cell_150.png
malaria,Parasitized/C182P143NThinF_IMG_20151201_172257_cell_153.png
malaria,Parasitized/C182P143NThinF_IMG_20151201_172257_cell_162.png
malaria,Parasitized/C182P143NThinF_IMG_20151201_172257_cell_196.png
malaria,Parasitized/C182P143NThinF_IMG_20151201_172524_cell_176.png
malaria,Parasitized/C182P143NThinF_IMG_20151201_172524_cell_201.png
malaria,Parasitized/C182P143NThinF_IMG_20151201_172607_cell_21.png
malaria,Parasitized/C182P143NThinF_IMG_20151201_172607_cell_33.png
malaria,Parasitized/C182P143NThinF_IMG_20151201_172607_cell_45.png
malaria,Parasitized/C182P143NThinF_IMG_20151201_172759_cell_31.png
malaria,Parasitized/C182P143NThinF_IMG_20151201_172759_cell_37.png
malaria,Parasitized/C182P143NThinF_IMG_20151201_172759_cell_38.png
malaria,Parasitized/C182P143NThinF_IMG_20151201_172842_cell_13.png
malaria,Parasitized/C182P143NThinF_IMG_20151201_172842_cell_2.png
malaria,Parasitized/C183P144NThinF_IMG_20151201_222119_cell_143.png
malaria,Parasitized/C183P144NThinF_IMG_20151201_223208_cell_118.png
malaria,Parasitized/C184P145ThinF_IMG_20151203_104030_cell_35.png
malaria,Parasitized/C184P145ThinF_IMG_20151203_104334_cell_18.png
malaria,Parasitized/C186P147NThinF_IMG_20151203_150132_cell_198.png
malaria,Parasitized/C189P150ThinF_IMG_20151203_141615_cell_89.png
malaria,Parasitized/C33P1thinF_IMG_20150619_115740a_cell_163.png
malaria,Parasitized/C39P4thinF_original_IMG_20150622_111942_cell_10.png
malaria,Parasitized/C46P7ThinF_IMG_20151130_205719_cell_131.png
malaria,Parasitized/C46P7ThinF_IMG_20151130_210815_cell_8.png
malaria,Parasitized/C48P9thinF_IMG_20150721_160406_cell_242.png
malaria,Parasitized/C48P9thinF_IMG_20150721_160944_cell_199.png
malaria,Parasitized/C48P9thinF_IMG_20150721_161055_cell_189.png
malaria,Parasitized/C48P9thinF_IMG_20150721_161243_cell_150.png
malaria,Parasitized/C48P9thinF_IMG_20150721_161412_cell_180.png
malaria,Parasitized/C48P9thinF_IMG_20150721_161412_cell_197.png
malaria,Parasitized/C48P9thinF_IMG_20150721_162732_cell_7.png
malaria,Parasitized/C48P9thinF_IMG_20150721_164129_cell_33.png
malaria,Parasitized/C49P10thinF_IMG_20150724_102330_cell_225.png
malaria,Parasitized/C49P10thinF_IMG_20150724_102330_cell_226.png
malaria,Parasitized/C49P10thinF_IMG_20150724_102330_cell_227.png
malaria,Parasitized/C49P10thinF_IMG_20150724_102330_cell_229.png
malaria,Parasitized/C49P10thinF_IMG_20150724_102330_cell_230.png
malaria,Parasitized/C49P10thinF_IMG_20150724_102330_cell_231.png
malaria,Parasitized/C49P10thinF_IMG_20150724_102330_cell_232.png
malaria,Parasitized/C49P10thinF_IMG_20150724_102843_cell_183.png
malaria,Parasitized/C49P10thinF_IMG_20150724_103233_cell_197.png
malaria,Parasitized/C49P10thinF_IMG_20150724_103233_cell_200.png
malaria,Parasitized/C50P11thinF_IMG_20150724_114951_cell_149.png
malaria,Parasitized/C50P11thinF_IMG_20150724_115141_cell_185.png
malaria,Parasitized/C50P11thinF_IMG_20150724_115749_cell_174.png
malaria,Parasitized/C50P11thinF_IMG_20150724_120716_cell_151.png
malaria,Parasitized/C50P11thinF_IMG_20150724_120716_cell_155.png
malaria,Parasitized/C51AP12thinF_IMG_20150724_153313_cell_95.png
malaria,Parasitized/C51AP12thinF_IMG_20150724_160140_cell_60.png
malaria,Parasitized/C56P17thinF_IMG_20150728_151330_cell_120.png
malaria,Parasitized/C60P21thinF_IMG_20150803_144510_cell_151.png
malaria,Parasitized/C60P21thinF_IMG_20150804_104919_cell_138.png
malaria,Parasitized/C60P21thinF_IMG_20150804_105639_cell_8.png
malaria,Parasitized/C60P21thinF_IMG_20150804_113011_cell_8.png
malaria,Parasitized/C62P23N_ThinF_IMG_20150818_133211_cell_197.png
malaria,Parasitized/C65P26N_ThinF_IMG_20150818_154714_cell_184.png
malaria,Parasitized/C67P28N_ThinF_IMG_20150819_133000_cell_167.png
malaria,Parasitized/C68P29N_ThinF_IMG_20150819_133236_cell_150.png
malaria,Parasitized/C68P29N_ThinF_IMG_20150819_133236_cell_191.png
malaria,Parasitized/C68P29N_ThinF_IMG_20150819_133350_cell_123.png
malaria,Parasitized/C68P29N_ThinF_IMG_20150819_133350_cell_159.png
malaria,Parasitized/C68P29N_ThinF_IMG_20150819_133350_cell_165.png
malaria,Parasitized/C68P29N_ThinF_IMG_20150819_133447_cell_125.png
malaria,Parasitized/C68P29N_ThinF_IMG_20150819_134625_cell_15.png
malaria,Parasitized/C68P29N_ThinF_IMG_20150819_134625_cell_33.png
malaria,Parasitized/C76P37ThinF_IMG_20150815_172902_cell_225.png
malaria,Parasitized/C80P41ThinF_IMG_20150817_111544_cell_123.png
malaria,Parasitized/C80P41ThinF_IMG_20150817_111943_cell_13.png
malaria,Parasitized/C84P45ThinF_IMG_20150818_101257_cell_93.png
malaria,Parasitized/C91P52ThinF_IMG_20150821_123314_cell_198.png
malaria,Parasitized/C91P52ThinF_IMG_20150821_124937_cell_210.png
malaria,Parasitized/C92P53ThinF_IMG_20150821_151224_cell_206.png
malaria,Parasitized/C96P57ThinF_IMG_20150824_105213_cell_212.png
malaria,Parasitized/C97P58ThinF_IMG_20150917_151320_cell_154.png
malaria,Parasitized/C97P58ThinF_IMG_20150917_151903_cell_23.png
malaria,Parasitized/C97P58ThinF_IMG_20150917_152032_cell_159.png
malaria,Parasitized/C99P60ThinF_IMG_20150918_141001_cell_151.png
malaria,Parasitized/C99P60ThinF_IMG_20150918_141001_cell_169.png
malaria,Parasitized/C99P60ThinF_IMG_20150918_141314_cell_99.png
malaria,Parasitized/C99P60ThinF_IMG_20150918_141520_cell_124.png
malaria,Parasitized/C99P60ThinF_IMG_20150918_141520_cell_140.png
malaria,Parasitized/C99P60ThinF_IMG_20150918_141857_cell_39.png
malaria,Parasitized/C99P60ThinF_IMG_20150918_142334_cell_6.png
malaria,Uninfected/C101P62ThinF_IMG_20150918_155731_cell_37.png
malaria,Uninfected/C103P64ThinF_IMG_20150918_164250_cell_85.png
malaria,Uninfected/C110P71ThinF_IMG_20150930_105729_cell_162.png
malaria,Uninfected/C112P73ThinF_IMG_20150930_131516_cell_93.png
malaria,Uninfected/C114P75ThinF_IMG_20150930_150057_cell_93.png
malaria,Uninfected/C117P78ThinF_IMG_20150930_221812_cell_16.png
malaria,Uninfected/C118P79ThinF_IMG_20151002_104831_cell_134.png
malaria,Uninfected/C12NThinF_IMG_20150614_125741_cell_101.png
malaria,Uninfected/C130P91ThinF_IMG_20151004_142709_cell_101.png
malaria,Uninfected/C131P92ThinF_IMG_20151004_145410_cell_3.png
malaria,Uninfected/C136P97ThinF_IMG_20151005_141321_cell_15.png
malaria,Uninfected/C137P98ThinF_IMG_20151005_160122_cell_29.png
malaria,Uninfected/C138P99ThinF_IMG_20151005_172849_cell_90.png
malaria,Uninfected/C13NThinF_IMG_20150614_131457_cell_193.png
malaria,Uninfected/C141P102ThinF_IMG_20151005_214615_cell_132.png
malaria,Uninfected/C142P103ThinF_IMG_20151005_221115_cell_128.png
malaria,Uninfected/C150P111ThinF_IMG_20151115_120244_cell_108.png
malaria,Uninfected/C150P111ThinF_IMG_20151115_120244_cell_187.png
malaria,Uninfected/C151P112ThinF_IMG_20151115_121644_cell_131.png
malaria,Uninfected/C152P113ThinF_IMG_20151115_124032_cell_171.png
malaria,Uninfected/C153P114ThinF_IMG_20151115_135639_cell_39.png
malaria,Uninfected/C157P118ThinF_IMG_20151115_163915_cell_107.png
malaria,Uninfected/C158P119ThinF_IMG_20151115_181136_cell_91.png
malaria,Uninfected/C169P130ThinF_IMG_20151118_163539_cell_51.png
malaria,Uninfected/C169P130ThinF_IMG_20151118_173039_cell_245.png
malaria,Uninfected/C188P149ThinF_IMG_20151203_135433_cell_88.png
malaria,Uninfected/C205ThinF_IMG_20151106_151800_cell_72.png
malaria,Uninfected/C206ThinF_IMG_20151029_140917_cell_192.png
malaria,Uninfected/C207ThinF_IMG_20151029_143711_cell_252.png
malaria,Uninfected/C207ThinF_IMG_20151029_143711_cell_6.png
malaria,Uninfected/C208ThinF_IMG_20151029_155554_cell_149.png
malaria,Uninfected/C210ThinF_IMG_20151029_162834_cell_57.png
malaria,Uninfected/C210ThinF_IMG_20151029_162934_cell_258.png
malaria,Uninfected/C214ThinF_IMG_20151106_115440_cell_163.png
malaria,Uninfected/C214ThinF_IMG_20151106_115440_cell_58.png
malaria,Uninfected/C214ThinF_IMG_20151106_131748_cell_148.png
malaria,Uninfected/C216ThinF_IMG_20151106_135228_cell_220.png
malaria,Uninfected/C216ThinF_IMG_20151106_135337_cell_60.png
malaria,Uninfected/C216ThinF_IMG_20151106_135653_cell_218.png
malaria,Uninfected/C225ThinF_IMG_20151112_113735_cell_81.png
malaria,Uninfected/C226ThinF_IMG_20151112_131408_cell_102.png
malaria,Uninfected/C228ThinF_IMG_20151112_142452_cell_181.png
malaria,Uninfected/C229ThinF_IMG_20151112_144147_cell_154.png
malaria,Uninfected/C231ThinF_IMG_20151112_153246_cell_134.png
malaria,Uninfected/C239ThinF_IMG_20151127_113008_cell_154.png
malaria,Uninfected/C37BP2_thinF_IMG_20150620_132847a_cell_37.png
malaria,Uninfected/C37BP2_thinF_IMG_20150620_133238a_cell_41.png
malaria,Uninfected/C38P3thinF_original_IMG_20150621_112116_cell_60.png
malaria,Uninfected/C38P3thinF_original_IMG_20150621_112227_cell_11.png
malaria,Uninfected/C39P4thinF_original_IMG_20150622_105102_cell_59.png
malaria,Uninfected/C39P4thinF_original_IMG_20150622_111206_cell_22.png
malaria,Uninfected/C48P9thinF_IMG_20150721_160944_cell_177.png
malaria,Uninfected/C54P15thinF_IMG_20150728_112832_cell_24.png
malaria,Uninfected/C55P16thinF_IMG_20150728_123237_cell_15.png
malaria,Uninfected/C57P18thinF_IMG_20150729_110457_cell_78.png
malaria,Uninfected/C5NThinF_IMG_20150609_122227_cell_9.png
malaria,Uninfected/C60P21thinF_IMG_20150803_144003_cell_81.png
malaria,Uninfected/C61P22N_ThinF_IMG_20150818_112252_cell_144.png
malaria,Uninfected/C61P22N_ThinF_IMG_20150818_112811_cell_128.png
malaria,Uninfected/C62P23N_ThinF_IMG_20150818_133211_cell_10.png
malaria,Uninfected/C62P23N_ThinF_IMG_20150818_133211_cell_94.png
malaria,Uninfected/C62P23N_ThinF_IMG_20150818_133307_cell_137.png
malaria,Uninfected/C66P27N_ThinF_IMG_20150818_163419_cell_189.png
malaria,Uninfected/C69P30N_ThinF_IMG_20150819_135421_cell_157.png
malaria,Uninfected/C6NThinF_IMG_20150609_121955_cell_133.png
malaria,Uninfected/C6NThinF_IMG_20150609_122725_cell_208.png
malaria,Uninfected/C6NThinF_IMG_20150609_122832_cell_89.png
malaria,Uninfected/C74P35_ThinF_IMG_20150815_120957_cell_11.png
malaria,Uninfected/C75P36_ThinF_IMG_20150815_163707_cell_33.png
malaria,Uninfected/C77P38ThinF_IMG_20150601_155125_cell_115.png
malaria,Uninfected/C79P40ThinF_IMG_20150817_102702_cell_39.png
malaria,Uninfected/C79P40ThinF_IMG_20150817_102702_cell_64.png
malaria,Uninfected/C7NthinF_IMG_20150611_104609_cell_62.png
malaria,Uninfected/C86P47ThinF_IMG_20150820_124943_cell_207.png
malaria,Uninfected/C87P48ThinF_IMG_20150820_141913_cell_165.png
malaria,Uninfected/C88P49ThinF_IMG_20150820_150724_cell_129.png
malaria,Uninfected/C91P52ThinF_IMG_20150821_124504_cell_60.png
malaria,Uninfected/C91P52ThinF_IMG_20150821_124937_cell_171.png
malaria,Uninfected/C92P53ThinF_IMG_20150821_151646_cell_155.png
malaria,Uninfected/C93P54ThinF_IMG_20150821_162901_cell_60.png
malaria,Uninfected/C93P54ThinF_IMG_20150821_164024_cell_158.png
malaria,Uninfected/C94P55ThinF_IMG_20150821_165519_cell_165.png
malaria,Uninfected/C99P60ThinF_IMG_20150918_141001_cell_69.png
malaria,Uninfected/C99P60ThinF_IMG_20150918_141129_cell_84.png
malaria,Uninfected/C99P60ThinF_IMG_20150918_142128_cell_45.png
pneumonia,NORMAL/IM-0133-0001.jpeg
pneumonia,NORMAL/IM-0621-0001.jpeg
pneumonia,NORMAL/NORMAL2-IM-0587-0001-0002.jpeg
pneumonia,NORMAL/NORMAL2-IM-0611-0001.jpeg
pneumonia,NORMAL/NORMAL2-IM-0718-0001.jpeg
pneumonia,NORMAL/NORMAL2-IM-0723-0001.jpeg
pneumonia,NORMAL/NORMAL2-IM-0730-0001.jpeg
pneumonia,NORMAL/NORMAL2-IM-0741-0001.jpeg
pneumonia,NORMAL/NORMAL2-IM-0757-0001.jpeg
pneumonia,NORMAL/NORMAL2-IM-0808-0001.jpeg
pneumonia,NORMAL/NORMAL2-IM-1064-0001.jpeg
pneumonia,NORMAL/NORMAL2-IM-1067-0001.jpeg
pneumonia,NORMAL/NORMAL2-IM-1214-0001.jpeg
pneumonia,NORMAL/NORMAL2-IM-1250-0001.jpeg
pneumonia,NORMAL/NORMAL2-IM-1356-0001.jpeg
pneumonia,NORMAL/NORMAL2-IM-1360-0001.jpeg
pneumonia,NORMAL/NORMAL2-IM-1362-0001.jpeg
pneumonia,NORMAL/NORMAL2-IM-1379-0001.jpeg
pneumonia,NORMAL/NORMAL2-IM-1396-0001.jpeg
pneumonia,NORMAL/NORMAL2-IM-1400-0001.jpeg
pneumonia,NORMAL/NORMAL2-IM-1406-0001.jpeg
pneumonia,NORMAL/NORMAL2-IM-1437-0001.jpeg
pneumonia,NORMAL/NORMAL2-IM-1438-0001.jpeg
pneumonia,PNEUMONIA/person1006_bacteria_2937.jpeg
pneumonia,PNEUMONIA/person1049_bacteria_2983.jpeg
pneumonia,PNEUMONIA/person104_virus_191.jpeg
pneumonia,PNEUMONIA/person109_virus_203.jpeg
pneumonia,PNEUMONIA/person10_bacteria_43.jpeg
pneumonia,PNEUMONIA/person1107_bacteria_3048.jpeg
pneumonia,PNEUMONIA/person1114_bacteria_3055.jpeg
pneumonia,PNEUMONIA/person111_virus_212.jpeg
pneumonia,PNEUMONIA/person1140_virus_1885.jpeg
pneumonia,PNEUMONIA/person1149_virus_1925.jpeg
pneumonia,PNEUMONIA/person1152_virus_1930.jpeg
pneumonia,PNEUMONIA/person1156_virus_1935.jpeg
pneumonia,PNEUMONIA/person1158_virus_1938.jpeg
pneumonia,PNEUMONIA/person1160_virus_1947.jpeg
pneumonia,PNEUMONIA/person1162_bacteria_3107.jpeg
pneumonia,PNEUMONIA/person1162_virus_1950.jpeg
pneumonia,PNEUMONIA/person1163_virus_1951.jpeg
pneumonia,PNEUMONIA/person1164_virus_1958.jpeg
pneumonia,PNEUMONIA/person1171_bacteria_3118.jpeg
pneumonia,PNEUMONIA/person1174_virus_1980.jpeg
pneumonia,PNEUMONIA/person1175_bacteria_3122.jpeg
pneumonia,PNEUMONIA/person1180_virus_2015.jpeg
pneumonia,PNEUMONIA/person1181_bacteria_3129.jpeg
pneumonia,PNEUMONIA/person1183_bacteria_3131.jpeg
pneumonia,PNEUMONIA/person1183_virus_2018.jpeg
pneumonia,PNEUMONIA/person1184_virus_2019.jpeg
pneumonia,PNEUMONIA/person1187_virus_2023.jpeg
pneumonia,PNEUMONIA/person1190_virus_2031.jpeg
pneumonia,PNEUMONIA/person1191_virus_2032.jpeg
pneumonia,PNEUMONIA/person1208_bacteria_3160.jpeg
pneumonia,PNEUMONIA/person1227_virus_2078.jpeg
pneumonia,PNEUMONIA/person1244_bacteria_3200.jpeg
pneumonia,PNEUMONIA/person1281_virus_2204.jpeg
pneumonia,PNEUMONIA/person1287_virus_2210.jpeg
pneumonia,PNEUMONIA/person12_bacteria_48.jpeg
pneumonia,PNEUMONIA/person1357_virus_2338.jpeg
pneumonia,PNEUMONIA/person1358_virus_2339.jpeg
pneumonia,PNEUMONIA/person1368_virus_2353.jpeg
pneumonia,PNEUMONIA/person1405_bacteria_3566.jpeg
pneumonia,PNEUMONIA/person1405_virus_2408.jpeg
pneumonia,PNEUMONIA/person1409_bacteria_3583.jpeg
pneumonia,PNEUMONIA/person1449_bacteria_3746.jpeg
pneumonia,PNEUMONIA/person1453_bacteria_3770.jpeg
pneumonia,PNEUMONIA/person1454_bacteria_3782.jpeg
pneumonia,PNEUMONIA/person1455_virus_2496.jpeg
pneumonia,PNEUMONIA/person1459_bacteria_3797.jpeg
pneumonia,PNEUMONIA/person1461_virus_2510.jpeg
pneumonia,PNEUMONIA/person1475_virus_2558.jpeg
pneumonia,PNEUMONIA/person1483_virus_2574.jpeg
pneumonia,PNEUMONIA/person1490_virus_2596.jpeg
pneumonia,PNEUMONIA/person20_bacteria_69.jpeg
pneumonia,PNEUMONIA/person21_bacteria_73.jpeg
pneumonia,PNEUMONIA/person275_virus_565.jpeg
pneumonia,PNEUMONIA/person289_virus_593.jpeg
pneumonia,PNEUMONIA/person293_bacteria_1379.jpeg
pneumonia,PNEUMONIA/person294_bacteria_1386.jpeg
pneumonia,PNEUMONIA/person294_virus_606.jpeg
pneumonia,PNEUMONIA/person295_bacteria_1390.jpeg
pneumonia,PNEUMONIA/person295_virus_612.jpeg
pneumonia,PNEUMONIA/person299_bacteria_1419.jpeg
pneumonia,PNEUMONIA/person301_bacteria_1429.jpeg
pneumonia,PNEUMONIA/person302_bacteria_1430.jpeg
pneumonia,PNEUMONIA/person303_bacteria_1431.jpeg
pneumonia,PNEUMONIA/person311_bacteria_1453.jpeg
pneumonia,PNEUMONIA/person317_bacteria_1473.jpeg
pneumonia,PNEUMONIA/person327_bacteria_1509.jpeg
pneumonia,PNEUMONIA/person343_bacteria_1584.jpeg
pneumonia,PNEUMONIA/person344_bacteria_1585.jpeg
pneumonia,PNEUMONIA/person357_bacteria_1639.jpeg
pneumonia,PNEUMONIA/person359_bacteria_1642.jpeg
pneumonia,PNEUMONIA/person384_bacteria_1755.jpeg
pneumonia,PNEUMONIA/person38_bacteria_196.jpeg
pneumonia,PNEUMONIA/person391_bacteria_1782.jpeg
pneumonia,PNEUMONIA/person409_bacteria_1824.jpeg
pneumonia,PNEUMONIA/person410_bacteria_1825.jpeg
pneumonia,PNEUMONIA/person411_bacteria_1826.jpeg
pneumonia,PNEUMONIA/person416_bacteria_1840.jpeg
pneumonia,PNEUMONIA/person422_bacteria_1853.jpeg
pneumonia,PNEUMONIA/person423_virus_869.jpeg
pneumonia,PNEUMONIA/person432_virus_881.jpeg
pneumonia,PNEUMONIA/person444_bacteria_1927.jpeg
pneumonia,PNEUMONIA/person450_bacteria_1941.jpeg
pneumonia,PNEUMONIA/person454_virus_938.jpeg
pneumonia,PNEUMONIA/person458_virus_945.jpeg
pneumonia,PNEUMONIA/person45_bacteria_222.jpeg
pneumonia,PNEUMONIA/person46_bacteria_225.jpeg
pneumonia,PNEUMONIA/person472_virus_969.jpeg
pneumonia,PNEUMONIA/person476_bacteria_2026.jpeg
pneumonia,PNEUMONIA/person477_bacteria_2031.jpeg
pneumonia,PNEUMONIA/person488_bacteria_2062.jpeg
pneumonia,PNEUMONIA/person489_bacteria_2067.jpeg
pneumonia,PNEUMONIA/person491_bacteria_2071.jpeg
pneumonia,PNEUMONIA/person492_bacteria_2085.jpeg
pneumonia,PNEUMONIA/person493_bacteria_2087.jpeg
pneumonia,PNEUMONIA/person494_bacteria_2088.jpeg
pneumonia,PNEUMONIA/person496_bacteria_2095.jpeg
pneumonia,PNEUMONIA/person504_bacteria_2127.jpeg
pneumonia,PNEUMONIA/person504_bacteria_2133.jpeg
pneumonia,PNEUMONIA/person506_bacteria_2138.jpeg
pneumonia,PNEUMONIA/person534_bacteria_2251.jpeg
pneumonia,PNEUMONIA/person536_virus_1064.jpeg
pneumonia,PNEUMONIA/person545_bacteria_2290.jpeg
pneumonia,PNEUMONIA/person549_bacteria_2303.jpeg
pneumonia,PNEUMONIA/person575_bacteria_2374.jpeg
pneumonia,PNEUMONIA/person58_bacteria_278.jpeg
pneumonia,PNEUMONIA/person590_bacteria_2428.jpeg
pneumonia,PNEUMONIA/person610_bacteria_2475.jpeg
pneumonia,PNEUMONIA/person618_bacteria_2489.jpeg
pneumonia,PNEUMONIA/person630_bacteria_2512.jpeg
pneumonia,PNEUMONIA/person645_bacteria_2537.jpeg
pneumonia,PNEUMONIA/person652_bacteria_2544.jpeg
pneumonia,PNEUMONIA/person674_bacteria_2568.jpeg
pneumonia,PNEUMONIA/person68_bacteria_336.jpeg
pneumonia,PNEUMONIA/person703_virus_1300.jpeg
pneumonia,PNEUMONIA/person72_bacteria_354.jpeg
pneumonia,PNEUMONIA/person732_virus_1353.jpeg
pneumonia,PNEUMONIA/person734_bacteria_2637.jpeg
pneumonia,PNEUMONIA/person745_bacteria_2648.jpeg
pneumonia,PNEUMONIA/person74_bacteria_363.jpeg
pneumonia,PNEUMONIA/person781_virus_1412.jpeg
pneumonia,PNEUMONIA/person788_virus_1419.jpeg
pneumonia,PNEUMONIA/person802_bacteria_2708.jpeg
pneumonia,PNEUMONIA/person805_bacteria_2712.jpeg
pneumonia,PNEUMONIA/person813_virus_1449.jpeg
pneumonia,PNEUMONIA/person815_bacteria_2726.jpeg
pneumonia,PNEUMONIA/person833_virus_1469.jpeg
pneumonia,PNEUMONIA/person844_virus_1487.jpeg
pneumonia,PNEUMONIA/person86_virus_159.jpeg
pneumonia,PNEUMONIA/person885_bacteria_2809.jpeg
pneumonia,PNEUMONIA/person8_bacteria_37.jpeg
pneumonia,PNEUMONIA/person929_bacteria_2854.jpeg
pneumonia,PNEUMONIA/person94_virus_176.jpeg
